43880,24.026,2975.4019,0.0452,2984.9716,0,1,2979.52,3.81331E+11
43879,-34.018,2984.9716,2.2837,2983.6224,1,0,2981.41,3.74999E+11
43878,32.0207,2983.6224,0.3763,2917.0077,1,0,2924.99,3.67014E+11
43875,25.1656,2917.0077,-0.7115,2906.0735,1,0,2899.87,3.0808E+11
43874,8.073,2906.0735,0.8693,2926.8991,0,1,2927.14,3.34526E+11
43873,13.7128,2926.8991,0.387,2901.6744,1,0,2895.56,2.97534E+11
43872,13.9665,2901.6744,0.505,2890.4878,1,0,2894.54,3.02957E+11
43871,-11.7283,2890.4878,0.3298,2875.9636,1,0,2860.5,3.4152E+11
43868,-8.2683,2875.9636,1.7183,2866.5097,1,0,2858.93,3.62384E+11
43867,60.8312,2866.5097,1.2503,2818.0878,1,0,2826.89,3.58583E+11
43866,-7.8613,2818.0878,1.3355,2783.2875,1,0,2792.37,3.49184E+11
43865,0.3209,2783.2875,-7.7245,2746.6056,1,0,2685.27,3.74068E+11
43864,135.9117,2746.6056,-2.7518,2976.5281,0,1,2716.7,2.5702E+11
43853,-61.4246,2976.5281,0.2822,3060.7545,0,1,3037.95,3.2749E+11
43852,-7.7137,3060.7545,-1.4098,3052.1419,1,0,3038.49,2.78457E+11
43851,-42.0252,3052.1419,0.6598,3095.7873,0,1,3085.79,2.86268E+11
43850,12.4999,3095.7873,0.046,3075.4955,1,0,3082.11,2.71122E+11
43847,18.3794,3075.4955,-0.5164,3074.0814,1,0,3081.46,2.42273E+11
43846,15.7177,3074.0814,-0.5402,3090.0379,0,1,3095.73,2.36843E+11
43845,-4.9725,3090.0379,-0.2808,3106.8204,0,1,3103.17,2.32913E+11
43844,20.5079,3106.8204,0.7528,3115.5696,0,1,3120.67,2.71542E+11
43843,25.7467,3115.5696,-0.0837,3092.2907,1,0,3091.49,2.58524E+11
43840,14.9407,3092.2907,0.9126,3094.8819,0,1,3102.29,2.41556E+11
43839,32.6052,3094.8819,-1.221,3066.8925,1,0,3082.64,2.71716E+11
43838,-4.1355,3066.8925,0.6938,3104.8015,0,1,3094.24,3.06517E+11
43837,19.7102,3104.8015,-0.0122,3083.4083,1,0,3085.49,2.88159E+11
43836,8.0511,3083.4083,-0.0458,3083.7858,0,1,3070.91,3.31183E+11
43833,14.1492,3083.7858,1.1499,3085.1976,0,1,3089.02,2.89992E+11
43832,50.4477,3085.1976,0.3322,3050.124,1,0,3066.34,3.27197E+11
43830,-1.6306,3050.124,1.1643,3040.0239,1,0,3036.39,2.26764E+11
43829,14.7324,3040.0239,-0.0771,3005.0355,1,0,2998.17,2.67383E+11
43826,32.99,3005.0355,-1.4039,2962.7513,0,1,3006.85,2.58119E+11
43822,9.1308,2962.7513,-0.402,3004.9376,0,1,2999.04,2.18484E+11
43819,26.1485,3004.9376,0.0007,3017.0658,0,1,3019.64,2.23305E+11
43818,20.8271,3017.0658,-0.1779,3017.0444,1,0,3017.15,2.20688E+11
43817,23.0577,3017.0444,1.2743,3022.4219,0,1,3021.47,2.59174E+11
43816,49.9027,3022.4219,0.5633,2984.3925,1,0,2985.26,3.02091E+11
43815,-3.7349,2984.3925,1.7827,2967.6764,1,0,2970.97,2.37667E+11
43812,34.5694,2967.6764,-0.2981,2915.6983,1,0,2937.78,2.34037E+11
43811,40.6035,2915.6983,0.2434,2924.4173,0,1,2926.34,1.66044E+11
43810,13.5407,2924.4173,0.0974,2917.3157,1,0,2922.6,1.75716E+11
43809,18.9045,2917.3157,0.0846,2914.4775,1,0,2908.94,1.80617E+11
43808,25.6758,2914.4775,0.4327,2912.0136,1,0,2914.46,1.74546E+11
43805,20.8741,2912.0136,0.7419,2899.4685,1,0,2902.28,1.49507E+11
43804,19.314,2899.4685,-0.2282,2878.1157,1,0,2886.52,1.59737E+11
43803,4.2292,2878.1157,0.3092,2884.6988,0,1,2876.91,1.35879E+11
43802,13.3429,2884.6988,0.1332,2875.8072,1,0,2869.88,1.35279E+11
43801,17.6026,2875.8072,-0.6129,2871.9813,1,0,2874.45,1.39352E+11
43798,-2.9655,2871.9813,-0.465,2889.6934,0,1,2885.97,1.40371E+11
43797,7.6002,2889.6934,-0.133,2903.1947,0,1,2902.36,1.22617E+11
43796,5.8052,2903.1947,0.0307,2907.0602,0,1,2905.4,1.3745E+11
43795,108.7528,2907.0602,0.7237,2906.1688,1,0,2912.52,1.65497E+11
43794,36.5338,2906.1688,-0.6319,2885.2884,1,0,2885.61,1.74235E+11
43791,-4.2513,2885.2884,-0.2547,2903.6379,0,1,2906.24,1.80594E+11
43790,-6.0246,2903.6379,-0.7818,2911.0534,0,1,2902.55,1.39851E+11
43789,-8.3479,2911.0534,0.8521,2933.9908,0,1,2928.11,1.58543E+11
43788,9.2983,2933.9908,0.6176,2909.2002,1,0,2904.28,1.55771E+11
43787,-0.5924,2909.2002,-0.6367,2891.3431,1,0,2889.55,1.44677E+11
43784,7.2752,2891.3431,0.1593,2909.8697,0,1,2911.35,1.52576E+11
43783,-1.0073,2909.8697,-0.3287,2905.2409,1,0,2907.74,1.51576E+11
43782,-16.4752,2905.2409,0.1666,2914.8232,0,1,2913.02,1.46944E+11
43781,-0.0877,2914.8232,-1.8288,2909.9746,1,0,2913,1.39061E+11
43780,-0.6026,2909.9746,-0.4878,2964.1849,0,1,2949.96,1.66285E+11
43777,-6.0556,2964.1849,0.004,2978.7144,0,1,2993.98,1.73867E+11
43776,5.2728,2978.7144,-0.4334,2978.5955,1,0,2978.15,1.55835E+11
43775,9.2198,2978.5955,0.5401,2991.5622,0,1,2992.04,1.83985E+11
43774,31.6863,2991.5622,0.5846,2975.4919,1,0,2977.7,2.03692E+11
43773,22.6769,2975.4919,0.995,2958.1992,1,0,2964.58,1.8871E+11
43770,32.7862,2958.1992,-0.3492,2929.0561,1,0,2924.34,1.75631E+11
43769,31.894,2929.0561,-0.5029,2939.3209,0,1,2944.84,1.81802E+11
43768,6.3787,2939.3209,-0.8682,2954.176,0,1,2949.46,1.8153E+11
43767,8.8855,2954.176,0.85,2980.0498,0,1,2979.04,1.95288E+11
43766,15.7954,2980.0498,0.4764,2954.9327,1,0,2958.69,1.98817E+11
43763,0.0628,2954.9327,-0.0237,2940.9215,1,0,2940.47,1.60224E+11
43762,-5.3532,2940.9215,-0.4319,2941.6188,0,1,2944.01,1.41667E+11
43761,-12.6854,2941.6188,0.5022,2954.3799,0,1,2952.97,1.39654E+11
43760,3.6621,2954.3799,0.0503,2939.6179,1,0,2945.6,1.30382E+11
43759,21.2752,2939.6179,-1.3164,2938.1413,1,0,2933.9,1.45686E+11
43756,-14.9021,2938.1413,-0.0463,2977.3342,0,1,2982.34,1.62018E+11
43755,2.0139,2977.3342,-0.4123,2978.7124,0,1,2979.99,1.36051E+11
43754,7.0277,2978.7124,-0.5598,2991.0459,0,1,2992.61,1.66792E+11
43753,26.9693,2991.0459,1.151,3007.8834,0,1,3005.66,1.69532E+11
43752,5.1971,3007.8834,0.8802,2973.6558,1,0,2993.96,2.21202E+11
43749,27.3135,2973.6558,0.7814,2947.7106,1,0,2954.82,1.82747E+11
43748,1.5668,2947.7106,0.3874,2924.8566,1,0,2923.71,1.5716E+11
43747,-19.8348,2924.8566,0.2885,2913.5704,1,0,2902.08,1.5094E+11
43746,3.5296,2913.5704,-0.9201,2905.1892,1,0,2905.76,1.51981E+11
43738,-2.3056,2905.1892,0.1051,2932.167,0,1,2927.92,1.42592E+11
43735,-3.6114,2932.167,-0.8914,2929.0875,1,0,2929.49,1.53311E+11
43734,14.1673,2929.0875,-1.0018,2955.4325,0,1,2964.48,2.16278E+11
43733,-4.7616,2955.4325,0.2776,2985.3406,0,1,2977.67,2.03783E+11
43732,8.073,2985.3406,-0.9769,2977.0767,1,0,2979.48,2.06246E+11
43731,-22.1099,2977.0767,0.239,3006.4467,0,1,2998.4,1.99131E+11
43728,71.3707,3006.4467,0.4562,2999.2789,1,0,3004.81,2.18391E+11
43727,3.7733,2999.2789,0.2532,2985.6586,1,0,2992.92,1.93207E+11
43726,24.5206,2985.6586,-1.7367,2978.1178,1,0,2984.08,1.99954E+11
43725,-7.0489,2978.1178,-0.0159,3030.7544,0,1,3023.71,2.37739E+11
43724,4.1871,3030.7544,0.7453,3031.2351,0,1,3041.92,2.37442E+11
43720,24.8884,3031.2351,-0.4101,3008.8118,1,0,3016.63,2.24576E+11
43719,18.0494,3008.8118,-0.1169,3021.2024,0,1,3029.93,2.6339E+11
43718,20.4114,3021.2024,0.838,3024.7388,0,1,3027.41,2.75322E+11
43717,12.3763,3024.7388,0.4601,2999.6013,1,0,3023.78,2.86237E+11
43714,54.9605,2999.6013,0.9621,2985.8648,1,0,2996.62,2.58319E+11
43713,54.1129,2985.8648,0.9303,2957.4116,1,0,2972.66,3.40201E+11
43712,46.3951,2957.4116,0.2068,2930.1538,1,0,2927.75,2.51213E+11
43711,10.0593,2930.1538,1.3121,2924.1063,1,0,2925.94,2.2507E+11
43710,28.7352,2924.1063,-0.162,2886.2365,1,0,2886.94,2.26044E+11
43707,40.4085,2886.2365,-0.098,2890.9192,0,1,2907.38,2.24751E+11
43706,3.2144,2890.9192,-0.2907,2893.7564,0,1,2896,1.96333E+11
43705,-3.6288,2893.7564,1.3489,2902.1932,0,1,2901.63,2.01805E+11
43704,71.0002,2902.1932,-1.1686,2863.5673,1,0,2879.52,2.31E+11
43703,-23.472,2863.5673,0.4852,2897.4253,0,1,2851.02,1.91037E+11
43700,-1.5654,2897.4253,0.1078,2883.4358,1,0,2885.15,1.92567E+11
43699,4.1633,2883.4358,0.0114,2880.3307,1,0,2887.66,1.69662E+11
43698,12.5101,2880.3307,-0.1073,2880.0012,1,0,2875.47,1.83187E+11
43697,-6.1835,2880.0012,2.099,2883.096,0,1,2879.08,2.09774E+11
43696,34.9113,2883.096,0.285,2823.8238,1,0,2835.52,2.47092E+11
43693,-2.9767,2823.8238,0.245,2815.7976,1,0,2817.57,1.86139E+11
43692,-6.9858,2815.7976,0.4167,2808.9146,1,0,2762.34,1.73671E+11
43691,-5.7192,2808.9146,-0.63,2797.2596,1,0,2824.49,1.73945E+11
43690,-17.822,2797.2596,1.4503,2814.9944,0,1,2798.05,1.53958E+11
43689,3.0151,2814.9944,-0.7085,2774.7532,1,0,2781.98,1.62523E+11
43686,-0.4678,2774.7532,0.9345,2794.5523,0,1,2805.59,1.7114E+11
43685,9.362,2794.5523,-0.3196,2768.6795,1,0,2784.18,1.78156E+11
43684,-24.5652,2768.6795,-1.5573,2777.5559,0,1,2789.02,1.76476E+11
43683,-32.4501,2777.5559,-1.6159,2821.4957,0,1,2776.99,2.55209E+11
43682,-24.2959,2821.4957,-1.4071,2867.8376,0,1,2854.58,1.96891E+11
43679,-46.5566,2867.8376,-0.8095,2908.766,0,1,2861.33,2.16327E+11
43678,-12.8255,2908.766,-0.6718,2932.5058,0,1,2920.85,1.71116E+11
43677,-6.213,2932.5058,0.3853,2952.3383,0,1,2944.4,1.64608E+11
43676,-4.0876,2952.3383,-0.12,2941.007,1,0,2946.26,1.70866E+11
43675,-15.1053,2941.007,0.2445,2944.541,0,1,2943.92,1.47439E+11
43672,-8.7842,2944.541,0.4817,2937.3601,1,0,2928.06,1.58775E+11
43671,17.1441,2937.3601,0.8046,2923.2775,1,0,2923.19,1.75356E+11
43670,11.8713,2923.2775,0.4493,2899.9446,1,0,2907.93,1.78858E+11
43669,3.3441,2899.9446,-1.2731,2886.974,1,0,2886.9,1.48077E+11
43668,-5.787,2886.974,0.7936,2924.2006,0,1,2925.79,2.04289E+11
43665,42.8745,2924.2006,-1.0409,2901.1766,1,0,2909.68,1.49071E+11
43664,16.6839,2901.1766,-0.2017,2931.6926,0,1,2921.74,1.49089E+11
43663,9.273,2931.6926,-0.1553,2937.6168,0,1,2933.02,1.52163E+11
43662,7.0834,2937.6168,0.3972,2942.1853,0,1,2938.64,1.40766E+11
43661,-21.2942,2942.1853,0.4382,2930.5462,1,0,2921.55,1.76533E+11
43658,7.7521,2930.5462,0.0843,2917.7609,1,0,2915.34,1.42919E+11
43657,18.2362,2917.7609,-0.4415,2915.3022,1,0,2928.06,1.52181E+11
43656,-16.3645,2915.3022,-0.175,2928.2295,0,1,2935.19,1.41236E+11
43655,-19.4464,2928.2295,-2.5803,2933.3634,0,1,2928.82,1.54251E+11
43654,-26.1495,2933.3634,0.1933,3011.0588,0,1,2997.81,2.05569E+11
43651,-1.2408,3011.0588,-0.3321,3005.2488,1,0,3004.74,1.63181E+11
43650,9.4133,3005.2488,-0.9422,3015.2633,0,1,3015.68,2.02266E+11
43649,0.149,3015.2633,-0.0315,3043.9428,0,1,3031.83,2.18658E+11
43648,-5.0637,3043.9428,0.6891,2996.7926,0,1,3042.58,2.29567E+11
43643,9.3381,2996.7926,-0.1942,2976.2837,1,0,2982.61,2.08619E+11
43642,-9.6052,2976.2837,-0.8668,2982.0738,0,1,2964.62,1.72516E+11
43641,-23.9342,2982.0738,0.2055,3008.1479,0,1,3004.91,2.44315E+11
43640,-7.5796,3008.1479,0.4975,3001.9802,1,0,3004.29,2.11237E+11
43637,37.2236,3001.9802,2.3756,2987.1186,1,0,2990.37,2.76662E+11
43636,19.1444,2987.1186,0.9565,2917.8029,1,0,2917.33,2.88297E+11
43635,20.9251,2917.8029,0.0878,2890.158,1,0,2944.12,2.25567E+11
43634,9.7492,2890.158,0.196,2887.6221,1,0,2891.09,1.36935E+11
43633,5.411,2887.6221,-0.9883,2881.9743,1,0,2880.42,1.43142E+11
43630,-0.3017,2881.9743,0.0468,2910.7406,0,1,2913,1.94303E+11
43629,12.2634,2910.7406,-0.5584,2909.3796,1,0,2905.29,1.91748E+11
43628,14.6734,2909.3796,2.58,2925.7162,0,1,2917.22,2.23064E+11
43627,37.7459,2925.7162,0.8605,2852.1302,1,0,2854.07,2.5448E+11
43626,49.5798,2852.1302,-1.175,2827.7978,1,0,2833.01,1.6249E+11
43622,15.0024,2827.7978,-0.0301,2861.4181,0,1,2862.33,1.64851E+11
43621,22.7622,2861.4181,-0.9619,2862.2803,0,1,2882.94,1.75201E+11
43620,11.3866,2862.2803,-0.2972,2890.0809,0,1,2887.64,1.81119E+11
43619,39.0342,2890.0809,-0.2447,2898.6961,0,1,2901.74,2.08073E+11
43616,-5.0828,2898.6961,-0.305,2905.8054,0,1,2904.5,1.9128E+11
43615,0.5946,2905.8054,0.1645,2914.6964,0,1,2903.42,1.97106E+11
43614,-27.7887,2914.6964,0.6062,2909.9106,1,0,2894.83,2.02855E+11
43613,46.7724,2909.9106,1.3804,2892.3782,1,0,2890.27,2.27254E+11
43612,-11.1438,2892.3782,0.0168,2852.9948,1,0,2851.28,1.93769E+11
43609,1.2501,2852.9948,-1.3552,2852.5153,1,0,2847.84,1.62689E+11
43608,-14.8226,2852.5153,-0.4909,2891.7046,0,1,2880.84,1.92869E+11
43607,-12.2381,2891.7046,1.2319,2905.9688,0,1,2905.52,1.93629E+11
43606,-20.2985,2905.9688,-0.4056,2870.6046,1,0,2867.71,2.02778E+11
43605,-14.7764,2870.6046,-2.4838,2882.2962,0,1,2874.8,1.99211E+11
43602,-35.0986,2882.2962,0.5796,2955.711,0,1,2955.77,2.47875E+11
43601,-25.9571,2955.711,1.9097,2938.6781,1,0,2933.5,2.26203E+11
43600,3.402,2938.6781,-0.6923,2883.6107,1,0,2902.64,2.26263E+11
43599,-71.6221,2883.6107,-1.4791,2850.9537,0,1,2872.83,2.01223E+11
43594,-43.5387,2850.9537,-1.1152,2893.7567,0,1,2871.2,1.97447E+11
43593,-52.5248,2893.7567,0.6856,2926.3908,0,1,2873.14,2.18893E+11
43592,-22.1199,2926.3908,-5.5833,2906.464,1,0,2914.29,2.45444E+11
43591,-34.2441,2906.464,0.5172,3078.338,0,1,2984.73,3.14337E+11
43585,-4.6388,3078.338,-0.7744,3062.4985,1,0,3052.62,2.25498E+11
43584,38.1912,3062.4985,-1.1981,3086.3989,0,1,3090.63,2.89063E+11
43581,-18.4731,3086.3989,-2.4296,3123.8261,0,1,3108.16,2.74776E+11
43580,-6.1814,3123.8261,0.0944,3201.6137,0,1,3190.59,3.09076E+11
43579,-22.8744,3201.6137,-0.5116,3198.5938,1,0,3203.56,2.78411E+11
43578,-35.884,3198.5938,0.2926,3263.1179,0,1,3211.87,3.2487E+11
43572,-2.7708,3263.1179,2.3857,3253.5978,1,0,3250.15,3.5451E+11
43571,18.1861,3253.5978,-0.3399,3177.7866,1,0,3164.4,3.60167E+11
43570,-9.562,3177.7866,-0.0419,3188.6256,0,1,3233.46,3.55666E+11
43567,-0.5827,3188.6256,-1.603,3189.9619,0,1,3184.86,2.88909E+11
43566,-17.8208,3189.9619,0.0699,3241.9299,0,1,3241.55,3.60685E+11
43565,-3.4603,3241.9299,-0.1586,3239.6639,1,0,3224.65,3.9567E+11
43564,4.2773,3239.6639,-0.0542,3244.8103,0,1,3240.39,3.80273E+11
43563,-20.5675,3244.8103,0.9413,3246.5714,0,1,3271.27,5.06431E+11
43559,-0.8765,3246.5714,1.2425,3216.2952,1,0,3233.69,4.75156E+11
43558,17.3088,3216.2952,0.2038,3176.8227,1,0,3159.15,4.42622E+11
43557,2.5801,3176.8227,2.5755,3170.361,1,0,3183.27,4.62662E+11
43556,2.6224,3170.361,3.1992,3090.758,1,0,3111.66,4.80086E+11
43553,66.8938,3090.758,-0.9189,2994.9434,1,0,3000.68,3.867E+11
43552,-11.6092,2994.9434,0.855,3022.7196,0,1,3009.8,2.89555E+11
43551,1.7895,3022.7196,-1.5095,2997.0954,1,0,3012.26,2.95076E+11
43550,9.9615,2997.0954,-1.9689,3043.0313,0,1,3057.56,3.41445E+11
43549,-75.164,3043.0313,0.0869,3104.1487,0,1,3058.8,3.75376E+11
43546,-1.0946,3104.1487,0.3499,3101.455,1,0,3100.73,3.56678E+11
43545,-12.0167,3101.455,-0.0108,3090.6403,1,0,3094.12,4.0394E+11
43544,8.9381,3090.6403,-0.1758,3090.975,0,1,3084.17,3.49295E+11
43543,-0.2234,3090.975,2.471,3096.4176,0,1,3099.9,3.53217E+11
43542,32.6596,3096.4176,1.0388,3021.7512,1,0,3027.8,3.9847E+11
43539,20.0907,3021.7512,-1.1981,2990.685,1,0,3000.88,3.44722E+11
43538,10.9712,2990.685,-1.09,3026.9513,0,1,3013.6,3.5624E+11
43537,-5.0469,3026.9513,1.1006,3060.3073,0,1,3062.33,4.51247E+11
43536,7.3561,3060.3073,1.9237,3026.9925,1,0,3049.08,4.87067E+11
43535,-8.069,3026.9925,-4.3959,2969.8614,1,0,2969.08,4.04368E+11
43532,-22.7777,2969.8614,0.1392,3106.4179,0,1,3038.34,5.25598E+11
43531,-25.5021,3106.4179,1.5668,3102.0991,1,0,3103.67,5.25725E+11
43530,-8.9538,3102.0991,0.8809,3054.2466,1,0,3060.43,4.85478E+11
43529,19.1231,3054.2466,1.1213,3027.5755,1,0,3019.88,3.82769E+11
43528,-8.1619,3027.5755,1.8039,2994.005,1,0,3015.94,4.80604E+11
43525,10.2693,2994.005,-0.4357,2940.9538,1,0,2954.4,3.07338E+11
43524,13.266,2940.9538,0.4184,2953.8242,0,1,2950.05,2.98764E+11
43523,29.0101,2953.8242,-0.6675,2941.5163,1,0,2939.93,4.11838E+11
43522,7.8471,2941.5163,5.6007,2961.2834,0,1,2969.1,4.92397E+11
43521,-25.3146,2961.2834,1.9051,2804.2262,1,0,2838.39,4.65991E+11
43518,35.8982,2804.2262,-0.3411,2751.8012,1,0,2749.46,2.64519E+11
43517,14.7351,2751.8012,0.2022,2761.2189,0,1,2759.94,2.53033E+11
43516,29.3349,2761.2189,0.0468,2755.6459,1,0,2761.06,2.05447E+11
43515,12.594,2755.6459,2.6831,2754.3566,1,0,2759.5,2.47121E+11
43514,21.4867,2754.3566,-1.372,2682.385,1,0,2699.82,2.24184E+11
43511,6.6756,2682.385,-0.0503,2719.6999,0,1,2712.79,1.69823E+11
43510,30.8022,2719.6999,1.8404,2721.0683,0,1,2715.54,1.70331E+11
43509,51.61,2721.0683,0.6782,2671.8937,1,0,2674.52,2.07125E+11
43508,25.142,2671.8937,1.3621,2653.896,1,0,2654.03,1.56742E+11
43507,14.0467,2653.896,1.3023,2618.2323,1,0,2613.17,1.37307E+11
43497,27.5228,2618.2323,0.3493,2584.5724,1,0,2597.78,1.11523E+11
43496,52.8963,2584.5724,-0.72,2575.5756,1,0,2581.33,1.26013E+11
43495,0.0256,2575.5756,-0.1049,2594.2536,0,1,2584.75,1.01104E+11
43494,13.0564,2594.2536,-0.1824,2596.9767,0,1,2592.35,1.26749E+11
43493,21.7594,2596.9767,0.387,2601.7234,0,1,2615.71,1.27466E+11
43490,20.5333,2601.7234,0.4142,2591.6935,1,0,2596.26,1.35415E+11
43489,14.0113,2591.6935,0.0504,2581.0041,1,0,2584.65,1.31575E+11
43488,12.062,2581.0041,-1.18,2579.7041,1,0,2575.26,1.05101E+11
43487,-8.3174,2579.7041,0.5587,2610.5094,0,1,2609.64,1.22995E+11
43486,9.2747,2610.5094,1.4208,2596.0056,1,0,2599.06,1.39915E+11
43483,51.3613,2596.0056,-0.4196,2559.637,1,0,2567.74,1.5127E+11
43482,15.2703,2559.637,0.003,2570.4221,0,1,2573.58,1.27546E+11
43481,20.3573,2570.4221,1.3637,2570.3449,1,0,2569.07,1.26876E+11
43480,29.0787,2570.3449,-0.7074,2535.7653,1,0,2537.37,1.37375E+11
43479,-12.4516,2535.7653,0.7389,2553.8313,0,1,2553.33,1.16243E+11
43476,27.9119,2553.8313,-0.3634,2535.0985,1,0,2539.55,1.22376E+11
43475,8.0308,2535.0985,0.7078,2544.3449,0,1,2543.85,1.32692E+11
43474,38.6885,2544.3449,-0.2616,2526.4622,1,0,2536.42,1.60813E+11
43473,10.2061,2526.4622,0.7245,2533.0887,0,1,2530.3,1.23379E+11
43472,9.4706,2533.0887,2.0494,2514.8682,1,0,2528.7,1.45513E+11
43469,-4.9984,2514.8682,-0.0377,2464.3628,1,0,2446.02,1.39299E+11
43468,6.0612,2464.3628,-1.147,2465.291,0,1,2461.78,1.06923E+11
43467,5.9221,2465.291,0.4353,2493.8962,0,1,2497.88,97592571964
43462,21.0383,2493.8962,-0.6087,2483.0864,1,0,2483.62,1.05981E+11
43461,10.3102,2483.0864,-0.7892,2516.2506,0,1,2527.72,1.1248E+11
43455,5.7153,2516.2506,-0.5215,2536.2675,0,1,2526.55,1.01361E+11
43454,-9.6673,2536.2675,-1.0512,2549.5634,0,1,2544.51,1.03505E+11
43453,-2.9273,2549.5634,-0.8208,2576.6495,0,1,2578.68,93713175030
43452,-16.8839,2576.6495,0.1632,2597.9737,0,1,2583.63,99306536449
43451,9.9133,2597.9737,-1.5303,2593.7407,1,0,2587.26,1.02961E+11
43448,-8.6397,2593.7407,1.2258,2634.0491,0,1,2627.28,1.23725E+11
43447,34.5643,2634.0491,0.3109,2602.1526,1,0,2607.14,1.32396E+11
43446,11.7413,2602.1526,0.3678,2594.0881,1,0,2608.11,88998195762
43445,0.0247,2594.0881,-0.8176,2584.5822,1,0,2587.01,85404123352
43444,-17.4622,2584.5822,0.0271,2605.8876,0,1,2589.19,99148142973
43441,-5.462,2605.8876,-1.684,2605.1813,1,0,2609.34,97727662644
43440,-26.3842,2605.1813,-0.6059,2649.8051,0,1,2629.82,1.29093E+11
43439,10.2586,2649.8051,0.4204,2665.9577,0,1,2629.83,1.3373E+11
43438,32.6634,2665.9577,2.5736,2654.798,1,0,2651.56,1.44143E+11
43437,86.3427,2654.798,0.808,2588.1875,1,0,2647.13,1.87832E+11
43434,36.0234,2588.1875,-1.3181,2567.4434,1,0,2564.56,1.1222E+11
43433,13.195,2567.4434,1.0509,2601.7365,0,1,2613.78,1.29472E+11
43432,18.3484,2601.7365,-0.0439,2574.6792,1,0,2575.45,1.19578E+11
43431,1.9116,2574.6792,-0.1424,2575.8101,0,1,2585.83,1.02227E+11
43430,16.2619,2575.8101,-2.493,2579.4831,0,1,2580.84,1.08158E+11
43427,-2.9973,2579.4831,-0.229,2645.4339,0,1,2640.67,1.49976E+11
43426,-5.7699,2645.4339,0.2136,2651.5053,0,1,2655.9,1.2557E+11
43425,3.4896,2651.5053,-2.1327,2645.8545,1,0,2619.82,1.49376E+11
43424,-20.9272,2645.8545,0.9108,2703.5116,0,1,2684.29,1.8087E+11
43423,11.4241,2703.5116,0.41,2679.1097,1,0,2681.9,1.96563E+11
43420,8.7024,2679.1097,1.3649,2668.1704,1,0,2669.78,2.04984E+11
43419,22.648,2668.1704,-0.8527,2632.2425,1,0,2632.14,1.71882E+11
43418,-6.374,2632.2425,0.9261,2654.8795,0,1,2648.31,1.7697E+11
43417,11.8241,2654.8795,1.2178,2630.5195,1,0,2600.5,1.89607E+11
43416,6.8266,2630.5195,-1.3948,2598.8715,1,0,2593.2,1.42351E+11
43413,-1.2659,2598.8715,-0.2162,2635.6322,0,1,2621.24,1.2126E+11
43412,32.6473,2635.6322,-0.6774,2641.342,0,1,2660.09,1.28669E+11
43411,16.1702,2641.342,-0.2279,2659.3564,0,1,2659.84,1.47262E+11
43410,-7.6498,2659.3564,-0.4127,2665.4306,0,1,2660.72,1.38801E+11
43409,4.7848,2665.4306,2.695,2676.4762,0,1,2665.43,1.68589E+11
43406,110.1275,2676.4762,0.1327,2606.2372,1,0,2649.25,2.07862E+11
43405,55.964,2606.2372,1.3526,2602.7832,1,0,2617.03,1.80254E+11
43404,43.8689,2602.7832,1.0206,2568.0481,1,0,2573.01,1.54895E+11
43403,9.3844,2568.0481,-2.1834,2542.1033,1,0,2538.57,1.52386E+11
43402,26.4084,2542.1033,-0.1902,2598.8468,0,1,2593.59,1.225E+11
43399,-8.8187,2598.8468,0.0194,2603.7995,0,1,2610.9,1.33415E+11
43398,-27.4276,2603.7995,0.3264,2603.2951,1,0,2540.93,1.3763E+11
43397,21.1431,2603.2951,-2.2619,2594.8255,1,0,2579.97,1.42082E+11
43396,1.9949,2594.8255,4.0938,2654.8762,0,1,2652.65,1.66919E+11
43395,-9.684,2654.8762,2.5759,2550.4652,1,0,2565.64,1.9731E+11
43392,34.4939,2550.4652,-2.9355,2486.4186,1,0,2460.08,1.30096E+11
43391,-8.5845,2486.4186,-1.4889,2568.0984,0,1,2544.91,1.06577E+11
43388,-14.0331,2568.0984,0.9079,2606.9125,0,1,2605.91,1.05215E+11
43385,5.3849,2606.9125,-5.2233,2583.4575,1,0,2574.04,1.42803E+11
43384,-22.4894,2583.4575,0.1773,2725.8367,0,1,2643.07,1.70058E+11
43383,-12.2063,2725.8367,0.1657,2721.013,1,0,2723.72,1.11312E+11
43382,-23.3737,2721.013,-3.7159,2716.5104,1,0,2713.73,1.10292E+11
43381,-73.9117,2716.5104,1.0594,2821.3501,0,1,2768.21,1.41532E+11
43371,6.1374,2821.3501,-0.5358,2791.7748,1,0,2794.26,1.2537E+11
43370,25.5918,2791.7748,0.9232,2806.8133,0,1,2805.79,1.23448E+11
43369,13.3685,2806.8133,-0.0588,2729.2438,1,0,2785.32,1.45059E+11
43363,35.1577,2729.2438,1.1445,2730.8503,0,1,2732.17,1.04876E+11
43362,6.7151,2730.8503,1.8162,2699.9501,1,0,2694.8,1.40107E+11
43361,15.7211,2699.9501,-1.1133,2651.7886,1,0,2644.3,1.13032E+11
43360,-1.2913,2651.7886,-0.1837,2681.6431,0,1,2671.29,86962599230
43357,15.4567,2681.6431,1.1471,2686.5784,0,1,2688.78,1.04992E+11
43356,21.11,2686.5784,-0.3261,2656.1101,1,0,2679.21,1.12464E+11
43355,-8.2652,2656.1101,-0.1755,2664.7997,0,1,2659.74,93448206178
43354,-4.6291,2664.7997,-1.2144,2669.4845,0,1,2668.49,96884582206
43353,-3.4144,2669.4845,0.3978,2702.3007,0,1,2698.01,1.02861E+11
43350,-0.8113,2702.3007,-0.4712,2691.5929,1,0,2696.68,1.1384E+11
43349,9.662,2691.5929,-1.6812,2704.3368,0,1,2697.58,1.06266E+11
43348,-24.216,2704.3368,1.097,2750.5804,0,1,2741.38,1.07269E+11
43347,9.3605,2750.5804,-0.1657,2720.7344,1,0,2720.65,1.13709E+11
43346,-2.5379,2720.7344,-0.4561,2725.2499,0,1,2716.4,1.04818E+11
43343,25.9195,2725.2499,-1.1396,2737.7367,0,1,2730.11,1.14813E+11
43342,3.8918,2737.7367,-0.3127,2769.2947,0,1,2769.33,1.064E+11
43341,16.8373,2769.2947,-0.1049,2777.9808,0,1,2774.86,1.01221E+11
43340,5.0518,2777.9808,1.8857,2780.899,0,1,2782.29,1.25119E+11
43339,6.895,2780.899,0.1764,2729.4308,1,0,2736.32,1.4143E+11
43336,-3.1727,2729.4308,0.369,2724.6244,1,0,2717.08,1.02666E+11
43335,7.5742,2724.6244,-0.703,2714.6082,1,0,2714.87,1.07826E+11
43334,18.1402,2714.6082,1.3104,2733.8264,0,1,2731.96,98463969945
43333,16.9925,2733.8264,1.1053,2698.4658,1,0,2700.34,1.2226E+11
43332,39.0332,2698.4658,-1.3391,2668.966,1,0,2673.07,1.14048E+11
43329,-0.315,2668.966,-0.6634,2705.1917,0,1,2723.89,1.15499E+11
43328,14.3986,2705.1917,-2.0751,2723.2576,0,1,2691.43,1.17581E+11
43327,-8.6041,2723.2576,-0.1762,2780.9646,0,1,2777.25,1.18708E+11
43326,-3.313,2780.9646,-0.3376,2785.872,0,1,2780.74,1.12465E+11
43325,-1.5019,2785.872,0.0332,2795.3099,0,1,2769.02,1.29461E+11
43322,-2.3492,2795.3099,1.8335,2794.3818,1,0,2791.4,1.23113E+11
43321,33.6381,2794.3818,-1.2702,2744.0696,1,0,2729.58,1.5108E+11
43320,8.9726,2744.0696,2.7436,2779.374,0,1,2771.13,1.3997E+11
43319,20.0737,2779.374,-1.2876,2705.1565,1,0,2711.74,1.47259E+11
43318,14.2552,2705.1565,-0.9964,2740.4429,0,1,2736.53,1.32994E+11
43315,-5.2512,2740.4429,-2.0007,2768.0239,0,1,2763.4,1.29135E+11
43314,7.3155,2768.0239,-1.8032,2824.5337,0,1,2815.34,1.69769E+11
43313,4.6717,2824.5337,0.2562,2876.4009,0,1,2882.51,1.51693E+11
43312,18.3178,2876.4009,-0.1581,2869.0495,1,0,2866.9,1.19529E+11
43311,22.9622,2869.0495,-0.2995,2873.5938,0,1,2871.94,1.45989E+11
43308,20.8257,2873.5938,-0.7377,2882.2254,0,1,2879.69,1.32419E+11
43307,10.0564,2882.2254,-0.0659,2903.6467,0,1,2905.79,1.57497E+11
43306,13.7087,2903.6467,1.6093,2905.5618,0,1,2911.45,1.66412E+11
43305,16.4228,2905.5618,1.0699,2859.5424,1,0,2862.27,2.28702E+11
43304,-3.6626,2859.5424,2.046,2829.2712,1,0,2815.2,1.86997E+11
43301,5.0308,2829.2712,-0.5278,2772.5454,1,0,2769.75,1.55661E+11
43300,17.3926,2772.5454,-0.3884,2787.257,0,1,2791.02,1.29375E+11
43299,0.5731,2787.257,-0.5656,2798.1259,0,1,2801.78,1.38557E+11
43298,-1.7309,2798.1259,-0.6055,2814.0418,0,1,2806.89,1.24035E+11
43297,-5.4116,2814.0418,-0.2282,2831.1837,0,1,2827.08,1.29411E+11
43294,4.9251,2831.1837,2.156,2837.6586,0,1,2831.43,1.46301E+11
43293,15.8264,2837.6586,-1.7631,2777.7711,1,0,2771.04,1.70319E+11
43292,1.5411,2777.7711,0.4446,2827.6252,0,1,2780.7,1.38318E+11
43291,4.098,2827.6252,2.4709,2815.1095,1,0,2819.71,1.32633E+11
43290,23.6221,2815.1095,0.4882,2747.2285,1,0,2752.45,1.35655E+11
43287,26.7115,2747.2285,-0.9149,2733.8819,1,0,2731.35,1.48193E+11
43286,17.4955,2733.8819,-0.9962,2759.126,0,1,2755.34,1.32994E+11
43285,-3.7135,2759.126,0.4082,2786.8878,0,1,2776.63,1.31016E+11
43284,16.2361,2786.8878,-0.9342,2786.8966,1,0,2774.57,1.61668E+11
43279,21.9356,2786.8966,-1.1014,2813.1775,0,1,2799.9,1.29687E+11
43278,-0.4138,2813.1775,-0.5186,2844.5081,0,1,2842.4,1.42413E+11
43277,15.1866,2844.5081,-1.0528,2859.3364,0,1,2829.99,1.38447E+11
43276,-24.1367,2859.3364,0.4851,2889.7603,0,1,2903.45,1.3235E+11
43273,-1.6886,2889.7603,-1.3692,2875.8099,1,0,2855.58,1.27161E+11
43272,3.8469,2875.8099,0.272,2915.7314,0,1,2912,1.59713E+11
43271,-3.1934,2915.7314,-3.7751,2907.8221,1,0,2889.98,1.53334E+11
43270,-20.4347,2907.8221,-0.7312,3021.9008,0,1,2982.65,2.41204E+11
43266,20.915,3021.9008,-0.1848,3044.1597,0,1,3037.45,1.62196E+11
43265,18.5837,3044.1597,-0.9743,3049.7965,0,1,3038.07,1.47589E+11
43264,7.2457,3049.7965,0.8851,3079.8018,0,1,3071.46,1.55935E+11
43263,9.7328,3079.8018,-0.4683,3052.7831,1,0,3053.03,1.54469E+11
43262,28.9157,3052.7831,-1.362,3067.1478,0,1,3057.34,1.43037E+11
43259,-11.3942,3067.1478,-0.1824,3109.4988,0,1,3100.6,1.61179E+11
43258,23.7802,3109.4988,0.0313,3115.1803,0,1,3121.18,1.67174E+11
43257,16.373,3115.1803,0.7445,3114.2055,1,0,3109.17,1.6288E+11
43256,11.4248,3114.2055,0.522,3091.1909,1,0,3088.01,1.64806E+11
43255,34.7041,3091.1909,-0.657,3075.1372,1,0,3083.43,1.54672E+11
43252,14.8867,3075.1372,1.7765,3095.4737,0,1,3084.75,1.66549E+11
43251,29.9932,3095.4737,-2.5322,3041.4434,1,0,3061.83,1.85199E+11
43250,-3.7828,3041.4434,-0.4664,3120.4605,0,1,3081.14,1.91995E+11
43249,2.3622,3120.4605,-0.198,3135.0821,0,1,3129.62,1.77826E+11
43248,22.1915,3135.0821,-0.4231,3141.3032,0,1,3136.81,1.68191E+11
43245,14.433,3141.3032,-0.4517,3154.6506,0,1,3148.41,1.66554E+11
43244,7.2686,3154.6506,-1.412,3168.9642,0,1,3167.94,1.60658E+11
43243,8.1239,3168.9642,1.2371,3193.3034,0,1,3205.44,1.99358E+11
43238,23.5731,3193.3034,-0.4822,3154.2825,1,0,3151.08,1.68038E+11
43237,12.8823,3154.2825,-0.7065,3169.5652,0,1,3170.01,1.50599E+11
43236,1.9815,3169.5652,0.5698,3192.1183,0,1,3180.23,1.74591E+11
43235,14.8133,3192.1183,0.3404,3174.032,1,0,3180.42,1.62991E+11
43234,33.99,3174.032,-0.3512,3163.2632,1,0,3167.04,1.72411E+11
43231,21.0748,3163.2632,0.4831,3174.4127,0,1,3179.8,1.67364E+11
43230,17.5962,3174.4127,-0.0742,3159.1502,1,0,3169.05,1.6544E+11
43229,7.8912,3159.1502,0.7923,3161.4976,0,1,3160.14,1.53456E+11
43228,14.1175,3161.4976,1.4756,3136.6448,1,0,3135.3,1.89012E+11
43227,16.2829,3136.6448,-0.3169,3091.0334,1,0,3094.9,1.78244E+11
43224,-4.8427,3091.0334,0.6388,3100.8586,0,1,3093.12,1.48436E+11
43223,4.8025,3100.8586,-0.0342,3081.1773,1,0,3074.52,1.73445E+11
43222,23.2118,3081.1773,0.2342,3082.2316,0,1,3087.41,1.68246E+11
43217,27.5639,3082.2316,-1.3773,3075.0301,1,0,3082.41,1.7952E+11
43216,1.3151,3075.0301,-0.3501,3117.9739,0,1,3119.5,1.63784E+11
43215,10.2809,3117.9739,1.9855,3128.9271,0,1,3112.4,1.61298E+11
43214,23.7499,3128.9271,-0.1149,3068.012,1,0,3069.75,1.95545E+11
43213,14.0378,3068.012,-1.4703,3071.5425,0,1,3063.44,1.57855E+11
43210,-8.1221,3071.5425,0.8403,3117.376,0,1,3105.46,1.85139E+11
43209,34.5042,3117.376,0.8022,3091.3987,1,0,3094.27,1.96199E+11
43208,39.8287,3091.3987,-1.4097,3066.7967,1,0,3091.91,2.02239E+11
43207,11.1186,3066.7967,-1.5322,3110.6489,0,1,3112.97,1.85428E+11
43206,13.4331,3110.6489,-0.6637,3159.0521,0,1,3152.89,1.92233E+11
43203,9.4601,3159.0521,-0.8704,3180.1583,0,1,3192.04,1.63652E+11
43202,14.9241,3180.1583,0.5567,3208.0818,0,1,3203.28,1.8504E+11
43201,1.8564,3208.0818,1.6578,3190.3216,1,0,3197.37,2.1142E+11
43200,25.4279,3190.3216,0.2294,3138.2936,1,0,3144.26,2.06087E+11
43199,23.3988,3138.2936,-0.176,3131.1114,1,0,3125.44,1.77237E+11
43194,7.8676,3131.1114,-0.8392,3136.6332,0,1,3147.05,1.93493E+11
43193,23.9466,3136.6332,-1.4008,3122.2895,0,1,3130.01,1.89693E+11
43187,8.8718,3122.2895,1.0507,3166.6488,0,1,3130.57,2.08618E+11
43186,16.327,3166.6488,-0.6039,3133.7218,1,0,3164.8,2.27085E+11
43185,20.231,3133.7218,-3.3927,3152.7608,0,1,3117.32,2.1591E+11
43182,-14.0905,3152.7608,-0.5325,3263.4803,0,1,3172.77,2.93405E+11
43181,1.2734,3263.4803,-0.2944,3280.9521,0,1,3281.27,1.84472E+11
43180,-1.962,3280.9521,0.3473,3290.6399,0,1,3299.73,2.08618E+11
43179,-5.7564,3290.6399,0.2865,3279.2517,1,0,3257.22,1.6698E+11
43178,4.2106,3279.2517,-0.6451,3269.8821,1,0,3264.93,1.69772E+11
43175,-12.4027,3269.8821,-0.0082,3291.112,0,1,3290.21,1.67762E+11
43174,9.5363,3291.112,-0.5697,3291.3819,0,1,3277.51,1.79517E+11
43173,3.3754,3291.3819,-0.4948,3310.2389,0,1,3298.67,1.83458E+11
43172,13.0241,3310.2389,0.5906,3326.6992,0,1,3324.12,2.02375E+11
43171,18.6378,3326.6992,0.5705,3307.1656,1,0,3319.21,2.47894E+11
43168,10.1152,3307.1656,0.5116,3288.4055,1,0,3291.43,2.02349E+11
43167,20.3782,3288.4055,-0.5464,3271.6683,1,0,3268.35,1.75895E+11
43166,-17.443,3271.6683,1.0045,3289.6419,0,1,3288.86,1.93489E+11
43165,6.359,3289.6419,0.0737,3256.9263,1,0,3266.49,2.24382E+11
43164,-12.7446,3256.9263,-0.5873,3254.5283,1,0,3255.87,1.74149E+11
43161,-8.7579,3254.5283,0.4402,3273.7549,0,1,3248.45,1.78603E+11
43160,4.4902,3273.7549,-0.9921,3259.408,1,0,3235.09,1.85278E+11
43159,-6.5979,3259.408,-1.1264,3292.0679,0,1,3264.06,1.80234E+11
43158,16.4807,3292.0679,1.2329,3329.5737,0,1,3328.67,2.04394E+11
43157,20.4453,3329.5737,0.6261,3289.0241,1,0,3307.3,2.13333E+11
43154,11.8558,3289.0241,2.1693,3268.5589,1,0,3275.43,1.59503E+11
43153,10.4724,3268.5589,0.4459,3199.1589,1,0,3237.57,1.57304E+11
43145,3.9375,3199.1589,0.9776,3184.9587,1,0,3188.25,1.14552E+11
43144,-0.1159,3184.9587,0.7756,3154.1254,1,0,3176.11,1.72045E+11
43143,-13.0468,3154.1254,-4.0527,3129.8508,1,0,3128.37,1.71003E+11
43140,-21.0726,3129.8508,-1.4266,3262.0504,0,1,3172.85,2.72095E+11
43139,12.3041,3262.0504,-1.8214,3309.2598,0,1,3281.05,2.22349E+11
43138,-2.111,3309.2598,-3.3504,3370.652,0,1,3412.74,2.95264E+11
43137,-74.3253,3370.652,0.7341,3487.497,0,1,3418.01,3.18819E+11
43136,-35.5242,3487.497,0.4381,3462.0808,1,0,3411.67,2.52199E+11
43133,-12.5348,3462.0808,-0.9726,3446.9799,1,0,3419.22,2.36279E+11
43132,-8.8108,3446.9799,-0.2057,3480.8334,0,1,3478.67,2.92882E+11
43131,-3.4146,3480.8334,-0.9932,3488.009,0,1,3470.51,2.42658E+11
43130,-2.3688,3488.009,-0.9873,3523.0007,0,1,3511.5,2.24682E+11
43129,-4.7787,3523.0007,0.2768,3558.1288,0,1,3563.64,2.85417E+11
43126,19.5658,3558.1288,-0.3135,3548.307,1,0,3535.49,2.5815E+11
43125,13.043,3548.307,0.3654,3559.4653,0,1,3555.17,2.8799E+11
43124,-6.9748,3559.4653,1.2893,3546.5048,1,0,3553.48,3.07629E+11
43123,24.2107,3546.5048,0.387,3501.3622,1,0,3504.34,2.82092E+11
43122,10.4971,3501.3622,0.3773,3487.864,1,0,3476.99,2.61296E+11
43119,2.5382,3487.864,0.8733,3474.754,1,0,3481.62,2.94189E+11
43118,12.5086,3474.754,0.235,3444.6713,1,0,3449.88,2.67693E+11
43117,-4.0486,3444.6713,0.7655,3436.594,1,0,3438.58,3.16533E+11
43116,8.0289,3436.594,-0.5381,3410.4882,1,0,3403.47,2.66579E+11
43115,-17.0584,3410.4882,0.105,3428.9407,0,1,3428.95,2.86363E+11
43112,15.0473,3428.9407,0.1026,3425.3449,1,0,3423.88,2.15961E+11
43111,-1.5955,3425.3449,0.2324,3421.8343,1,0,3415.59,2.18414E+11
43110,13.3134,3421.8343,0.1296,3413.8996,1,0,3414.11,2.54515E+11
43109,13.6013,3413.8996,0.5227,3409.4795,1,0,3406.11,2.3825E+11
43108,6.3345,3409.4795,0.1784,3391.7501,1,0,3391.55,2.86213E+11
43105,9.2945,3391.7501,0.4928,3385.7102,1,0,3386.46,2.48188E+11
43104,27.2232,3385.7102,0.6207,3369.1084,1,0,3371,2.43091E+11
43103,25.9496,3369.1084,1.2444,3348.3259,1,0,3347.74,2.58367E+11
43102,20.0144,3348.3259,0.3272,3307.1721,1,0,3314.03,2.27788E+11
43098,8.1096,3307.1721,0.6289,3296.3847,1,0,3295.25,1.70357E+11
43097,14.3869,3296.3847,-0.9177,3275.7828,1,0,3272.29,2.0802E+11
43096,7.5164,3275.7828,0.3788,3300.0593,0,1,3302.46,1.98265E+11
43090,6.8703,3300.0593,-0.271,3287.6057,1,0,3281.12,1.7374E+11
43089,-5.8598,3287.6057,0.8757,3296.5384,0,1,3296.74,1.67962E+11
43088,8.4936,3296.5384,0.0547,3267.9224,1,0,3266.02,1.50787E+11
43087,15.0418,3267.9224,-0.7988,3266.1371,1,0,3268.03,1.49738E+11
43084,-11.6319,3266.1371,-0.3209,3292.4385,0,1,3287.53,1.61878E+11
43083,2.0211,3292.4385,0.6774,3303.0373,0,1,3302.93,1.51346E+11
43082,20.671,3303.0373,-1.2456,3280.8136,1,0,3278.4,1.45295E+11
43081,-5.2633,3280.8136,0.9788,3322.1956,0,1,3320.31,1.60979E+11
43080,9.9914,3322.1956,0.5482,3289.9924,1,0,3290.49,1.72986E+11
43077,27.5565,3289.9924,-0.6652,3272.0542,1,0,3264.48,1.65762E+11
43076,-8.8195,3272.0542,-0.2939,3293.9648,0,1,3283.28,1.61765E+11
43075,-38.6252,3293.9648,-0.1796,3303.6751,0,1,3291.31,1.79174E+11
43074,-27.4711,3303.6751,-0.2411,3309.6183,0,1,3301.69,2.4349E+11
43073,-3.6777,3309.6183,0.0129,3317.6174,0,1,3310.38,1.85025E+11
43070,11.7285,3317.6174,-0.6194,3317.1884,1,0,3315.11,1.7749E+11
43069,-2.534,3317.1884,0.1261,3337.862,0,1,3328.64,1.92077E+11
43068,9.3545,3337.862,0.344,3333.657,1,0,3335.57,2.17769E+11
43067,20.1391,3333.657,-0.9419,3322.2298,1,0,3311.23,1.67063E+11
43066,-7.9654,3322.2298,0.0568,3353.8207,0,1,3346.66,2.05803E+11
43063,8.4918,3353.8207,-2.2897,3351.9182,1,0,3340.38,2.07624E+11
43062,20.1223,3351.9182,0.5854,3430.4643,0,1,3425.01,2.70469E+11
43061,3.1512,3430.4643,0.5335,3410.4977,1,0,3417.33,2.73675E+11
43060,-5.1572,3410.4977,0.2806,3392.3988,1,0,3382.36,2.65304E+11
43059,-16.1319,3392.3988,-0.4808,3382.9075,1,0,3361.36,2.28308E+11
43056,-24.4423,3382.9075,-0.0962,3399.2503,0,1,3392.68,3.1375E+11
43055,-0.6472,3399.2503,-0.788,3402.5245,0,1,3393.19,2.20862E+11
43054,-12.6725,3402.5245,-0.5304,3429.5482,0,1,3416.21,2.39734E+11
43053,-0.6799,3429.5482,0.4417,3447.8358,0,1,3446.55,2.67435E+11
43052,1.0877,3447.8358,0.1423,3432.6731,1,0,3435.18,2.66738E+11
43049,1.1301,3432.6731,0.3611,3427.7946,1,0,3423.18,2.55772E+11
43048,16.784,3427.7946,0.0552,3415.4602,1,0,3410.67,2.05434E+11
43047,10.2834,3415.4602,0.7497,3413.5748,1,0,3409.15,2.42026E+11
43046,9.0941,3413.5748,0.4873,3388.1742,1,0,3389.47,2.42596E+11
43045,-1.0879,3388.1742,-0.3418,3371.7441,1,0,3369.69,2.04311E+11
43042,-2.5644,3371.7441,-0.3711,3383.3095,0,1,3377.74,2.07438E+11
43041,8.103,3383.3095,0.0758,3395.9125,0,1,3391.65,2.10015E+11
43040,15.4694,3395.9125,0.0886,3393.3417,1,0,3393.97,2.31978E+11
43039,-11.4726,3393.3417,-0.7749,3390.3371,1,0,3381,1.9993E+11
43038,-13.3943,3390.3371,0.2713,3416.8124,0,1,3413.87,2.57777E+11
43035,-0.9033,3416.8124,0.3141,3407.5671,1,0,3404.5,2.12377E+11
43034,13.416,3407.5671,0.2553,3396.8975,1,0,3397.52,2.38596E+11
43033,2.0655,3396.8975,0.2233,3388.2477,1,0,3384.86,1.60061E+11
43032,-22.5695,3388.2477,0.0607,3380.699,1,0,3376.6,1.78553E+11
43031,-12.3912,3380.699,0.2515,3378.6481,1,0,3382.28,1.64369E+11
43028,-2.0039,3378.6481,-0.3437,3370.1721,1,0,3363.51,1.55065E+11
43027,-1.4782,3370.1721,0.2892,3381.7937,0,1,3374.64,1.87921E+11
43026,-7.2963,3381.7937,-0.1903,3372.0407,1,0,3373.53,1.94299E+11
43025,1.5834,3372.0407,-0.3555,3378.4704,0,1,3373.23,1.62911E+11
43024,3.0723,3378.4704,0.1306,3390.5233,0,1,3393.21,2.21651E+11
43021,-7.133,3390.5233,-0.0645,3386.1,1,0,3384.49,1.81118E+11
43020,-4.645,3386.1,0.1565,3388.2838,0,1,3385.53,2.01668E+11
43019,5.3874,3388.2838,0.2552,3382.9879,1,0,3381.49,2.31155E+11
43018,23.9441,3382.9879,0.7595,3374.3781,1,0,3373.34,2.31149E+11
43017,46.7521,3374.3781,0.2785,3348.9431,1,0,3403.25,2.27441E+11
43007,3.974,3348.9431,-0.1683,3339.6421,1,0,3340.31,1.75893E+11
43006,-1.9348,3339.6421,0.0505,3345.2717,0,1,3343.84,1.81956E+11
43005,-1.9585,3345.2717,0.0609,3343.5826,1,0,3340.82,1.68981E+11
43004,-1.4077,3343.5826,-0.3275,3341.5487,1,0,3336.35,1.5904E+11
43003,-18.8113,3341.5487,-0.1573,3352.5294,0,1,3344.59,2.02402E+11
43000,-4.849,3352.5294,-0.2431,3357.8123,0,1,3347.16,2.06583E+11
42999,8.2612,3357.8123,0.2726,3365.9959,0,1,3364.7,2.31946E+11
42998,9.105,3365.9959,-0.1788,3356.8446,1,0,3352.18,2.25839E+11
42997,-1.5399,3356.8446,0.2755,3362.8587,0,1,3365.53,2.20729E+11
42996,25.2495,3362.8587,-0.5282,3353.6192,1,0,3352.51,2.27939E+11
42993,1.1575,3353.6192,-0.3759,3371.4256,0,1,3365.15,2.52911E+11
42992,-2.9507,3371.4256,0.1379,3384.147,0,1,3383.47,2.56744E+11
42991,-3.3998,3384.147,0.0909,3379.488,1,0,3374.72,2.30733E+11
42990,17.6126,3379.488,0.3321,3376.4188,1,0,3381.49,3.25025E+11
42989,17.4861,3376.4188,-0.0076,3365.2426,1,0,3365.35,2.56889E+11
42986,-3.0428,3365.2426,-0.5876,3365.4974,0,1,3364.43,2.3516E+11
42985,1.6918,3365.4974,0.0317,3385.3888,0,1,3383.63,2.64037E+11
42984,0.3276,3385.3888,0.1401,3384.317,1,0,3372.43,2.62035E+11
42983,1.0844,3384.317,0.3702,3379.583,1,0,3377.2,2.45597E+11
42982,5.0185,3379.583,0.1877,3367.1194,1,0,3369.72,2.96348E+11
42979,21.6191,3367.1194,-0.0837,3360.8103,1,0,3365.99,3.13722E+11
42978,11.3599,3360.8103,-0.0475,3363.6266,0,1,3361.46,2.69133E+11
42977,22.3551,3363.6266,0.0766,3365.2261,0,1,3361.82,2.79641E+11
42976,8.5042,3365.2261,0.9344,3362.6514,1,0,3362.06,2.68916E+11
42975,18.4963,3362.6514,1.8343,3331.5221,1,0,3336.13,3.0532E+11
42972,16.4833,3331.5221,-0.4925,3271.5117,1,0,3271.46,2.27141E+11
42971,7.123,3271.5117,-0.0766,3287.7049,0,1,3287.96,1.86245E+11
42970,0,3287.7049,0.101,3290.2257,0,1,3283.8,2.0433E+11
42969,-2.4452,3290.2257,0.5562,3286.9055,1,0,3287.61,2.22927E+11
42968,-2.7037,3286.9055,0.009,3268.7243,1,0,3274.58,2.09719E+11
42965,-0.099,3268.7243,0.677,3268.4298,1,0,3253.24,2.18438E+11
42964,-0.7275,3268.4298,-0.148,3246.4512,1,0,3253.85,2.28377E+11
42963,1.4873,3246.4512,0.4294,3251.2617,0,1,3247.85,2.00833E+11
42962,-2.6513,3251.2617,0.8982,3237.3602,1,0,3235.23,2.04596E+11
42961,-2.6336,3237.3602,-1.6313,3208.5413,1,0,3206.04,2.09096E+11
42958,-7.7774,3208.5413,-0.422,3261.7494,0,1,3237.92,2.66998E+11
42957,-4.9134,3261.7494,-0.192,3275.573,0,1,3269.73,2.51854E+11
42956,7.0054,3275.573,0.0737,3281.8728,0,1,3277.81,2.37815E+11
42955,10.1206,3281.8728,0.5327,3279.4566,1,0,3277.19,2.5577E+11
42954,15.5206,3279.4566,-0.3314,3262.0809,1,0,3257.67,2.31874E+11
42951,20.1456,3262.0809,-0.3692,3272.9286,0,1,3269.32,2.85635E+11
42950,12.8312,3272.9286,-0.2303,3285.0568,0,1,3279.99,2.4355E+11
42949,1.2448,3285.0568,0.5991,3292.6383,0,1,3288.52,2.79352E+11
42948,8.9666,3292.6383,0.6083,3273.0283,1,0,3274.37,2.5642E+11
42947,8.8824,3273.0283,0.1064,3253.2404,1,0,3252.75,2.53526E+11
42944,14.1098,3253.2404,0.0649,3249.7814,1,0,3240.17,1.98429E+11
42943,14.6132,3249.7814,0.1229,3247.6748,1,0,3243.77,2.42572E+11
42942,12.275,3247.6748,-0.2126,3243.6894,1,0,3244.46,2.28461E+11
42941,-0.2065,3243.6894,0.3897,3250.5989,0,1,3249.14,2.13405E+11
42940,1.4484,3250.5989,-0.2121,3237.9817,1,0,3230.9,2.50631E+11
42937,3.3203,3237.9817,0.4299,3244.8647,0,1,3236.59,2.21957E+11
42936,-2.3053,3244.8647,1.3618,3230.9762,1,0,3227.51,2.45825E+11
42935,7.0234,3230.9762,0.3495,3187.5672,1,0,3181.4,2.69771E+11
42934,10.8422,3187.5672,-1.426,3176.4648,1,0,3159.73,1.96452E+11
42933,0.1795,3176.4648,0.1322,3222.4168,0,1,3219.79,2.74653E+11
42930,-1.4323,3222.4168,0.6448,3218.1632,1,0,3212.03,1.74312E+11
42929,7.5147,3218.1632,-0.1715,3197.5439,1,0,3192.36,2.10821E+11
42928,5.4931,3197.5439,-0.2986,3203.0375,0,1,3201.93,2.018E+11
42927,1.182,3203.0375,-0.1655,3212.6319,0,1,3201.52,2.05493E+11
42926,0.7533,3212.6319,0.1716,3217.9567,0,1,3208.46,2.22828E+11
42923,-1.8011,3217.9567,0.1656,3212.444,1,0,3203.82,2.01938E+11
42922,-8.4289,3212.444,0.7644,3207.1342,1,0,3203.86,2.0221E+11
42921,2.8747,3207.1342,-0.4101,3182.8039,1,0,3179.22,1.73554E+11
42920,-3.6145,3182.8039,0.1092,3195.9116,0,1,3192.89,1.61455E+11
42919,1.431,3195.9116,0.1369,3192.4269,1,0,3192,1.56576E+11
42916,-10.309,3192.4269,0.4683,3188.0625,1,0,3176.95,1.43196E+11
42915,20.7191,3188.0625,-0.5639,3173.2014,1,0,3174.98,1.4725E+11
42914,-7.511,3173.2014,0.1806,3191.1969,0,1,3183.63,1.62081E+11
42913,19.4488,3191.1969,0.8731,3185.4439,1,0,3183.42,1.67524E+11
42912,-3.055,3185.4439,0.3311,3157.873,1,0,3157,2.00419E+11
42909,4.7721,3157.873,-0.2775,3147.4532,1,0,3138.44,1.75569E+11
42908,4.4537,3147.4532,0.5159,3156.2118,0,1,3152.24,2.20438E+11
42907,3.8758,3156.2118,-0.1387,3140.0136,1,0,3148.99,1.67048E+11
42906,-1.4166,3140.0136,0.679,3144.3739,0,1,3148.02,1.62498E+11
42905,11.3678,3144.3739,-0.2975,3123.1662,1,0,3122.16,1.51742E+11
42902,5.3024,3123.1662,0.0579,3132.4863,0,1,3126.37,1.49215E+11
42901,13.8745,3132.4863,-0.7315,3130.674,1,0,3125.59,1.71125E+11
42900,-10.3611,3130.674,0.4416,3153.7429,0,1,3146.75,1.60641E+11
42899,-1.6575,3153.7429,-0.5865,3139.8766,1,0,3134.01,1.48458E+11
42898,-10.8079,3139.8766,0.2561,3158.4004,0,1,3149.53,1.70223E+11
42895,8.2223,3158.4004,0.3187,3150.3336,1,0,3147.45,1.81585E+11
42894,9.6194,3150.3336,1.2314,3140.3249,1,0,3136.47,1.78894E+11
42893,5.1161,3140.3249,0.3387,3102.126,1,0,3101.76,1.94288E+11
42892,8.3439,3102.126,-0.4471,3091.6561,1,0,3084.54,1.27805E+11
42891,8.0859,3091.6561,0.094,3105.54,0,1,3102.11,1.4343E+11
42888,5.9697,3105.54,-0.4669,3102.6232,1,0,3094.23,1.54454E+11
42887,-19.3541,3102.6232,0.2289,3117.1778,0,1,3108.42,1.80783E+11
42886,-13.8542,3117.1778,0.0717,3110.0587,1,0,3125.33,1.77913E+11
42881,-3.3759,3110.0587,1.428,3107.8311,1,0,3101.29,1.71327E+11
42880,9.6797,3107.8311,0.0695,3064.0759,1,0,3055.34,2.0191E+11
42879,2.6937,3064.0759,-0.4464,3061.947,1,0,3047.57,1.52669E+11
42878,-3.4844,3061.947,-0.4839,3075.6756,0,1,3069.39,1.95074E+11
42877,0.3591,3075.6756,0.0159,3090.6309,0,1,3087.17,1.70341E+11
42874,3.1515,3090.6309,-0.4607,3090.139,1,0,3086.71,1.50164E+11
42873,1.3292,3090.139,-0.2738,3104.4415,0,1,3082.33,1.6815E+11
42872,5.5969,3104.4415,0.7357,3112.9642,0,1,3107.8,1.94561E+11
42871,15.8054,3112.9642,0.2178,3090.2289,1,0,3082.87,1.93292E+11
42870,8.3401,3090.2289,0.719,3083.5132,1,0,3085.93,1.5827E+11
42867,-4.5867,3083.5132,0.2855,3061.5003,1,0,3054.11,1.75107E+11
42866,13.2676,3061.5003,-0.9006,3052.785,1,0,3036.79,1.97604E+11
42865,10.8737,3052.785,0.0622,3080.5269,0,1,3078.17,1.81624E+11
42864,10.7202,3080.5269,-0.7871,3078.6129,1,0,3064.85,1.52796E+11
42863,-5.9944,3078.6129,-0.778,3103.0378,0,1,3090.07,1.98172E+11
42860,-8.1,3103.0378,-0.2544,3127.3687,0,1,3114.77,2.00274E+11
42859,-5.7048,3127.3687,0.0784,3154.6584,0,1,3127.11,2.00171E+11
42853,7.5303,3154.6584,0.361,3152.1869,1,0,3144.02,1.83196E+11
42852,-0.3022,3152.1869,0.2003,3140.8471,1,0,3131.35,2.35748E+11
42851,2.7339,3140.8471,0.1609,3134.5674,1,0,3132.92,1.97113E+11
42850,6.9074,3134.5674,-1.3747,3129.5312,1,0,3123.89,1.74129E+11
42849,-0.1759,3129.5312,0.0331,3173.1512,0,1,3164.25,1.97845E+11
42846,0.2758,3173.1512,0.0446,3172.1003,1,0,3170.29,1.84131E+11
42845,8.4449,3172.1003,-0.8142,3170.6867,1,0,3165.67,2.20098E+11
42844,3.2196,3170.6867,-0.79,3196.7133,0,1,3184.67,2.25806E+11
42843,-5.7944,3196.7133,-0.4602,3273.8301,0,1,3215.4,2.11867E+11
42837,-5.1829,3273.8301,0.5987,3288.9657,0,1,3283.84,3.11506E+11
42836,-7.1866,3288.9657,-0.524,3269.3926,1,0,3266.22,3.26622E+11
42835,-0.2036,3269.3926,0.171,3286.616,0,1,3285.46,2.79415E+11
42832,-0.8793,3286.616,0.3272,3281.0047,1,0,3280.62,2.66738E+11
42831,-1.2891,3281.0047,1.483,3270.3054,1,0,3272.19,2.62336E+11
42830,4.3403,3270.3054,0.3824,3222.5142,1,0,3235.66,2.73201E+11
42825,-1.9892,3222.5142,-0.9588,3210.2369,1,0,3206.25,2.14036E+11
42824,10.5346,3210.2369,-0.3576,3241.3144,0,1,3235.14,2.65695E+11
42823,1.7801,3241.3144,-0.4288,3252.9479,0,1,3252.87,2.45372E+11
42822,6.0405,3252.9479,-0.0762,3266.9552,0,1,3265.63,2.03452E+11
42821,-1.5486,3266.9552,0.6432,3269.4451,0,1,3268.92,2.49186E+11
42818,10.718,3269.4451,0.1026,3248.5495,1,0,3247.35,2.67094E+11
42817,7.7593,3248.5495,-0.5025,3245.2198,1,0,3245.81,2.58247E+11
42816,-0.4718,3245.2198,0.3323,3261.6108,0,1,3246.22,2.44545E+11
42815,7.81,3261.6108,0.4127,3250.8082,1,0,3250.25,2.19121E+11
42814,13.7775,3250.8082,-0.9633,3237.4471,1,0,3241.11,2.13952E+11
42811,10.2448,3237.4471,0.8383,3268.9354,0,1,3271.87,2.62184E+11
42810,12.0818,3268.9354,0.0751,3241.7597,1,0,3247.16,2.44508E+11
42809,-3.3742,3241.7597,0.0712,3239.3278,1,0,3235.4,1.85727E+11
42808,-8.9478,3239.3278,0.7552,3237.0244,1,0,3235.25,1.91535E+11
42807,-1.6246,3237.0244,-0.1239,3212.7601,1,0,3209.45,2.0692E+11
42804,-16.5748,3212.7601,-0.7381,3216.7457,0,1,3213.73,1.73663E+11
42803,-21.3131,3216.7457,-0.0537,3240.6646,0,1,3233.7,1.99218E+11
42802,-3.61,3240.6646,0.2641,3242.4063,0,1,3240.53,1.98226E+11
42801,-4.5496,3242.4063,0.4833,3233.8657,1,0,3233.09,2.09931E+11
42800,-3.4963,3233.8657,-0.3627,3218.3118,1,0,3217.33,1.93769E+11
42797,-3.4519,3218.3118,-0.5207,3230.0281,0,1,3219.2,1.92708E+11
42796,-1.4506,3230.0281,0.1604,3246.9335,0,1,3250.52,2.23044E+11
42795,3.4781,3246.9335,0.4049,3241.7331,1,0,3240.07,2.25941E+11
42794,-0.9406,3241.7331,-0.7614,3228.6602,1,0,3225.97,1.86019E+11
42793,0.4724,3228.6602,0.0633,3253.4327,0,1,3249.19,2.11396E+11
42790,3.0989,3253.4327,-0.3018,3251.375,1,0,3246.86,2.13839E+11
42789,3.7606,3251.375,0.2426,3261.2184,0,1,3258.83,2.36823E+11
42788,3.4263,3261.2184,0.4125,3253.3257,1,0,3252.69,2.34815E+11
42787,5.1805,3253.3257,1.1832,3239.9613,1,0,3242.22,2.33551E+11
42786,11.8728,3239.9613,-0.8528,3202.0756,1,0,3198.96,2.50276E+11
42783,1.7858,3202.0756,0.5177,3229.6184,0,1,3227.71,2.48573E+11
42782,10.4369,3229.6184,-0.1536,3212.9857,1,0,3210.36,2.26588E+11
42781,18.0904,3212.9857,0.0338,3217.928,0,1,3215.46,2.57965E+11
42780,8.1831,3217.928,0.63,3216.8394,1,0,3216.14,2.04254E+11
42779,12.4533,3216.8394,0.4247,3196.699,1,0,3198.99,2.36159E+11
42776,10.2612,3196.699,0.5115,3183.1794,1,0,3183.01,2.45772E+11
42775,16.3532,3183.1794,0.4406,3166.9818,1,0,3164.69,2.09723E+11
42774,4.8769,3166.9818,-0.1234,3153.0878,1,0,3148.09,1.70854E+11
42773,9.9325,3153.0878,0.5354,3156.9838,0,1,3154.4,1.52559E+11
42772,20.6667,3156.9838,-0.6013,3140.17,1,0,3143.09,1.50068E+11
42769,6.2665,3140.17,0.3052,3159.166,0,1,3160.08,1.08024E+11
42761,4.1102,3159.166,0.2228,3149.5547,1,0,3149.22,1.25013E+11
42760,-0.8831,3149.5547,0.1842,3142.5533,1,0,3137.65,1.26766E+11
42759,6.7623,3142.5533,0.4366,3136.7748,1,0,3134.59,1.34554E+11
42758,6.5564,3136.7748,0.7042,3123.1389,1,0,3125.42,1.48146E+11
42755,8.589,3123.1389,-0.3763,3101.2992,1,0,3095.82,1.41472E+11
42754,2.8707,3101.2992,0.1363,3113.0123,0,1,3104.97,1.3928E+11
42753,8.0499,3113.0123,0.1723,3108.7746,1,0,3104.77,1.44547E+11
42752,5.0888,3108.7746,-0.2999,3103.428,1,0,3087.03,1.54758E+11
42751,-13.302,3103.428,-0.2092,3112.7644,0,1,3104.49,2.62826E+11
42748,5.968,3112.7644,-0.5568,3119.2886,0,1,3116.08,1.74439E+11
42747,6.4575,3119.2886,-0.7881,3136.7535,0,1,3133.6,1.61922E+11
42746,7.9308,3136.7535,-0.3016,3161.6713,0,1,3156.69,1.89186E+11
42745,-6.354,3161.6713,0.5363,3171.2362,0,1,3167.57,1.94963E+11
42744,-9.1735,3171.2362,-0.3503,3154.321,1,0,3148.53,1.92111E+11
42741,-21.9282,3154.321,0.2095,3165.4109,0,1,3163.78,2.07296E+11
42740,-10.0224,3165.4109,0.7294,3158.794,1,0,3157.91,1.99692E+11
42739,-14.1313,3158.794,1.0402,3135.9208,1,0,3133.79,1.95914E+11
42738,-6.5495,3135.9208,0.2435,3103.6373,1,0,3105.31,1.59887E+11
42734,-2.7837,3103.6373,-0.1979,3096.0968,1,0,3097.35,1.51733E+11
42733,-4.0453,3096.0968,-0.399,3102.2357,0,1,3095.84,1.49919E+11
42732,-8.8057,3102.2357,0.0678,3139.558,0,1,3113.77,1.5433E+11
42726,-8.9113,3139.558,1.1136,3137.4297,1,0,3132.16,1.85982E+11
42725,-1.8438,3137.4297,-0.4878,3102.8759,1,0,3107.24,2.04248E+11
42724,-26.8859,3102.8759,-0.1568,3118.0846,0,1,3115.9,1.71612E+11
42723,-10.3164,3118.0846,0.1702,3122.982,0,1,3120.7,1.745E+11
42720,2.6252,3122.982,-0.7277,3117.677,1,0,3111.51,1.89845E+11
42719,-2.4832,3117.677,-0.4598,3140.531,0,1,3125.76,2.12863E+11
42718,0.5176,3140.531,0.0656,3155.037,0,1,3149.38,2.19206E+11
42717,3.1733,3155.037,-2.4719,3152.97,1,0,3138.99,2.03175E+11
42716,-2.3579,3152.97,0.5448,3232.883,0,1,3233.67,2.9426E+11
42713,-4.0085,3232.883,-0.2134,3215.366,1,0,3209.34,2.26387E+11
42712,6.1164,3215.366,0.7062,3222.242,0,1,3225.55,1.97802E+11
42711,1.1179,3222.242,-0.158,3199.647,1,0,3198.47,1.89444E+11
42710,-4.7377,3199.647,-1.2064,3204.709,0,1,3202.03,1.7717E+11
42709,-14.8806,3204.709,-0.9002,3243.843,0,1,3203.78,2.38598E+11
42706,-15.3939,3243.843,0.7161,3273.309,0,1,3270.12,2.81559E+11
42705,9.4071,3273.309,-1.0019,3250.034,1,0,3257.03,2.61554E+11
42704,11.0196,3250.034,0.1808,3282.924,0,1,3272.14,2.62809E+11
42703,9.8508,3282.924,0.4618,3277,1,0,3269.23,3.48149E+11
42702,13.9552,3277,0.6232,3261.938,1,0,3270.05,3.0046E+11
42699,17.1,3261.938,0.0185,3241.736,1,0,3241.24,2.59117E+11
42698,8.8473,3241.736,-0.2221,3241.137,1,0,3237.43,2.67225E+11
42697,11.3004,3241.137,0.9386,3248.352,0,1,3247.94,2.77942E+11
42696,13.2473,3248.352,0.7921,3218.148,1,0,3220.98,2.92485E+11
42695,1.1322,3218.148,-0.4861,3192.856,1,0,3188.5,2.63178E+11
42692,-0.6413,3192.856,0.106,3208.453,0,1,3207.19,2.35352E+11
42691,-0.2879,3208.453,-0.0601,3205.057,1,0,3198.5,2.26776E+11
42690,6.9984,3205.057,-0.1054,3206.986,0,1,3208.5,2.44855E+11
42689,0.1184,3206.986,0.4483,3210.371,0,1,3209.95,2.67004E+11
42688,-2.0042,3210.371,0.7808,3196.044,1,0,3187.71,3.46975E+11
42685,-6.667,3196.044,1.3717,3171.282,1,0,3169.4,3.43774E+11
42684,15.3818,3171.282,-0.62,3128.37,1,0,3148.54,2.85993E+11
42683,-40.4128,3128.37,0.4645,3147.888,0,1,3146.08,2.77229E+11
42682,3.2119,3147.888,0.2565,3133.333,1,0,3140.94,2.21585E+11
42681,0.719,3133.333,-0.1157,3125.317,1,0,3124.89,2.10602E+11
42678,-1.8742,3125.317,0.8445,3128.936,0,1,3126.35,2.39043E+11
42677,-4.03,3128.936,-0.631,3102.733,1,0,3096.77,2.6582E+11
42676,-9.7834,3102.733,0.7078,3122.436,0,1,3115.73,2.21677E+11
42675,4.086,3122.436,-0.1217,3100.492,1,0,3101.66,1.95832E+11
42674,1.4495,3100.492,-0.2596,3104.27,0,1,3097.19,1.78428E+11
42671,2.5516,3104.27,-0.1271,3112.35,0,1,3111.7,2.12593E+11
42670,-5.7674,3112.35,-0.499,3116.312,0,1,3112.6,1.82237E+11
42669,2.3446,3116.312,0.118,3131.939,0,1,3129.84,2.15768E+11
42668,9.1472,3131.939,1.2069,3128.247,1,0,3127.97,2.20861E+11
42667,7.5594,3128.247,0.2102,3090.941,1,0,3092.05,2.50354E+11
42664,0,3090.941,-0.0085,3084.458,1,0,3081.39,2.01954E+11
42663,3.6675,3084.458,0.0274,3084.719,0,1,3084.91,1.77675E+11
42662,3.91,3084.719,1.4044,3083.875,1,0,3085.75,1.97481E+11
42661,6.5165,3083.875,-0.739,3041.166,1,0,3037.4,1.96036E+11
42660,-1.7463,3041.166,0.0805,3063.809,0,1,3064.69,1.80594E+11
42657,9.3891,3063.809,0.0931,3061.346,1,0,3056.99,1.63793E+11
42656,-5.3053,3061.346,-0.2203,3058.498,1,0,3057.97,1.66336E+11
42655,-5.7549,3058.498,0.5612,3065.25,0,1,3057.32,1.59983E+11
42654,9.7584,3065.25,0.3556,2998.483,1,0,3051.62,1.83788E+11
42642,5.6294,2998.483,-0.344,2987.858,1,0,2992.17,1.22729E+11
42641,-1.646,2987.858,0.5953,2998.172,0,1,3000.7,1.16437E+11
42640,-3.3643,2998.172,-1.7623,2980.43,1,0,2974.59,1.33373E+11
42639,-3.7796,2980.43,-0.2767,3033.896,0,1,3028.24,1.62257E+11
42636,5.4779,3033.896,0.5433,3042.313,0,1,3044.79,1.47378E+11
42635,10.4294,3042.313,0.0951,3025.874,1,0,3038.42,1.59031E+11
42634,-2.5494,3025.874,-0.1008,3023,1,0,3021.58,1.34134E+11
42633,-8.5289,3023,0.7727,3026.051,0,1,3027.17,1.39662E+11
42632,-8.2693,3026.051,-0.6833,3002.849,1,0,3005.32,1.33169E+11
42627,-11.6759,3002.849,0.0507,3023.51,0,1,3008.9,1.48149E+11
42626,-3.3815,3023.51,-1.8474,3021.977,1,0,3025.03,1.52791E+11
42625,-25.7944,3021.977,-0.5523,3078.855,0,1,3037.51,2.21847E+11
42622,-3.4957,3078.855,0.1302,3095.954,0,1,3095.43,1.82056E+11
42621,9.5292,3095.954,0.0393,3091.928,1,0,3089.95,1.65944E+11
42620,4.8377,3091.928,0.606,3090.713,1,0,3091.33,2.07162E+11
42619,8.8107,3090.713,0.1546,3072.095,1,0,3071.06,1.93058E+11
42618,14.7079,3072.095,0.1321,3067.352,1,0,3070.71,1.61244E+11
42615,-1.8333,3067.352,-0.719,3063.305,1,0,3057.49,1.70592E+11
42614,1.1973,3063.305,0.3517,3085.491,0,1,3083.96,1.77093E+11
42613,2.7925,3085.491,0.1515,3074.677,1,0,3072.92,1.68986E+11
42612,9.0338,3074.677,-0.0092,3070.027,1,0,3071.44,1.63879E+11
42611,-0.3359,3070.027,0.0645,3070.309,0,1,3068.46,1.66397E+11
42608,1.9703,3070.309,-0.5688,3068.329,1,0,3069.85,1.76309E+11
42607,3.3807,3068.329,-0.1238,3085.88,0,1,3073.44,2.0086E+11
42606,2.2566,3085.88,0.1589,3089.706,0,1,3092.02,1.68363E+11
42605,1.7541,3089.706,-0.7496,3084.805,1,0,3081.57,1.79183E+11
42604,-0.9197,3084.805,0.1285,3108.102,0,1,3107.38,2.07639E+11
42601,3.557,3108.102,-0.175,3104.114,1,0,3100.39,2.12051E+11
42600,11.7204,3104.114,-0.0155,3109.555,0,1,3107.75,2.5697E+11
42599,15.056,3109.555,-0.485,3110.037,0,1,3106.99,2.43405E+11
42598,46.8617,3110.037,2.443,3125.195,0,1,3130.53,3.08545E+11
42597,3.8364,3125.195,1.5996,3050.667,1,0,3056.48,3.27991E+11
42594,2.314,3050.667,-0.5336,3002.638,1,0,3000.27,1.79305E+11
42593,7.0421,3002.638,-0.2292,3018.746,0,1,3013.68,1.79862E+11
42592,10.4539,3018.746,0.7125,3025.681,0,1,3023.47,1.84525E+11
42591,12.9215,3025.681,0.9266,3004.277,1,0,3001.31,1.87717E+11
42590,6.2331,3004.277,-0.1921,2976.696,1,0,2972.62,1.7209E+11
42587,4.7495,2976.696,0.1331,2982.426,0,1,2978.78,1.61796E+11
42586,-4.3737,2982.426,0.2417,2978.461,1,0,2976.41,1.53308E+11
42585,-1.6819,2978.461,0.6059,2971.279,1,0,2963.21,1.59088E+11
42584,0,2971.279,-0.8711,2953.385,1,0,2950.08,1.29267E+11
42583,10.5475,2953.385,-0.5004,2979.339,0,1,2971.95,1.62373E+11
42580,0.856,2979.339,0.0777,2994.323,0,1,2992.54,1.70199E+11
42579,-5.6681,2994.323,-1.907,2991.999,1,0,2980.5,2.17627E+11
42578,9.752,2991.999,1.1386,3050.166,0,1,3050.37,3.16811E+11
42577,4.6967,3050.166,0.1,3015.828,1,0,3014.04,1.85474E+11
42576,4.4865,3015.828,-0.8619,3012.816,1,0,3008.09,1.75422E+11
42573,2.9192,3012.816,0.3669,3039.009,0,1,3038.12,1.97517E+11
42572,7.0012,3039.009,-0.2864,3027.9,1,0,3027.6,2.00278E+11
42571,3.4217,3027.9,-0.2289,3036.598,0,1,3034.71,1.71473E+11
42570,5.4544,3036.598,-0.3514,3043.564,0,1,3040.23,1.87207E+11
42569,7.1055,3043.564,0.0091,3054.296,0,1,3047.64,2.06668E+11
42566,4.1581,3054.296,-0.218,3054.018,1,0,3056.68,2.02841E+11
42565,7.0315,3054.018,0.3708,3060.689,0,1,3054.97,2.08939E+11
42564,4.8099,3060.689,1.8185,3049.381,1,0,3049.51,2.79351E+11
42563,16.8992,3049.381,0.2283,2994.917,1,0,2992.52,2.88657E+11
42562,15.4962,2994.917,-0.9531,2988.094,1,0,2993.75,2.71916E+11
42559,-2.2707,2988.094,-0.0147,3016.847,0,1,3000.33,2.09673E+11
42558,-2.1199,3016.847,0.3626,3017.292,0,1,3009.35,2.70197E+11
42557,-6.4507,3017.292,0.5952,3006.392,1,0,2998.52,2.46498E+11
42556,-1.5847,3006.392,1.914,2988.604,1,0,2991.75,2.70418E+11
42555,11.4914,2988.604,0.6535,2931.592,1,0,2924.29,2.5315E+11
42550,8.9453,2931.592,0.582,2912.557,1,0,2918.53,2.23406E+11
42549,-0.9098,2912.557,1.451,2895.703,1,0,2885.01,2.11079E+11
42548,-0.8371,2895.703,-1.3027,2854.286,1,0,2840.56,1.89855E+11
42545,-20.6853,2854.286,-0.4677,2891.96,0,1,2883.76,2.14913E+11
42544,-0.7435,2891.96,0.9377,2905.55,0,1,2902.4,1.6368E+11
42543,7.0591,2905.55,-0.3549,2878.558,1,0,2872.73,1.56339E+11
42542,-0.8844,2878.558,0.1284,2888.809,0,1,2898.38,1.98202E+11
42541,0.358,2888.809,0.4277,2885.105,1,0,2887.64,1.63734E+11
42538,7.2983,2885.105,-0.4985,2872.817,1,0,2873.01,1.95432E+11
42537,-9.2515,2872.817,1.584,2887.21,0,1,2878.4,2.01957E+11
42536,-6.9986,2887.21,0.3218,2842.189,1,0,2814.69,1.97199E+11
42535,-2.5828,2842.189,-3.2143,2833.071,1,0,2824.23,1.38532E+11
42534,-10.8297,2833.071,-0.3027,2927.159,0,1,2897.27,1.98548E+11
42529,-0.5609,2927.159,0.0664,2936.045,0,1,2932.38,1.77377E+11
42528,11.2444,2936.045,-0.156,2934.098,1,0,2936.28,1.63606E+11
42527,2.0072,2934.098,0.4599,2938.682,0,1,2940.99,1.72427E+11
42524,13.8583,2938.682,0.4023,2925.229,1,0,2929.79,2.11302E+11
42523,7.9983,2925.229,-0.1066,2913.508,1,0,2911.22,1.85085E+11
42522,19.0118,2913.508,3.3363,2916.616,0,1,2917.15,2.19868E+11
42521,34.3676,2916.616,0.0498,2822.451,1,0,2822.59,2.36529E+11
42520,24.31,2822.451,-0.0495,2821.046,1,0,2814.65,1.15587E+11
42517,6.1487,2821.046,0.2613,2822.443,0,1,2817.97,1.23859E+11
42516,3.0982,2822.443,-0.2332,2815.0863,1,0,2813.54,1.27105E+11
42515,12.5928,2815.0863,-0.7729,2821.666,0,1,2835.03,1.17768E+11
42514,-0.7462,2821.666,0.6428,2843.645,0,1,2839.68,1.21096E+11
42513,3.4403,2843.645,0.6618,2825.483,1,0,2826.31,1.3995E+11
42510,2.1399,2825.483,-0.0217,2806.906,1,0,2792.89,1.23795E+11
42509,-1.7866,2806.906,-1.2719,2807.514,0,1,2802.31,1.24151E+11
42508,-4.236,2807.514,-0.2518,2843.684,0,1,2828.18,1.49397E+11
42507,-1.4602,2843.684,0.8402,2850.862,0,1,2850.93,1.40001E+11
42506,0.3243,2850.862,-0.3087,2827.109,1,0,2816.78,1.26844E+11
42503,-7.3051,2827.109,-0.0414,2835.862,0,1,2828.46,1.23693E+11
42502,-4.5585,2835.862,0.157,2837.037,0,1,2812.11,1.40839E+11
42501,-2.4017,2837.037,0.0169,2832.591,1,0,2843.54,1.46023E+11
42500,-4.1152,2832.591,-2.785,2832.113,1,0,2822.33,1.28535E+11
42499,-5.3404,2832.113,-2.8218,2913.248,0,1,2896.16,1.88706E+11
42496,-13.5968,2913.248,0.2196,2997.842,0,1,2998.4,2.34077E+11
42495,-5.638,2997.842,-0.0458,2991.272,1,0,2987.02,1.63114E+11
42494,-2.7589,2991.272,1.8486,2992.643,0,1,2983.03,1.89046E+11
42493,6.153,2992.643,-0.2466,2938.324,1,0,2940.39,1.95817E+11
42489,0.8895,2938.324,-0.2736,2945.589,0,1,2935.38,1.28503E+11
42488,-2.805,2945.589,-0.372,2953.671,0,1,2955.74,1.54615E+11
42487,-3.3679,2953.671,0.6119,2964.7,0,1,2967.19,1.50286E+11
42486,1.8295,2964.7,-0.4248,2946.67,1,0,2944.72,1.34292E+11
42485,-1.3016,2946.67,0.215,2959.24,0,1,2949.97,1.40639E+11
42482,-1.909,2959.24,-0.6625,2952.891,1,0,2933.03,1.488E+11
42481,1.5711,2952.891,-2.3083,2972.584,0,1,2954.37,2.06477E+11
42480,-15.3648,2972.584,0.302,3042.823,0,1,3050.38,3.11155E+11
42479,2.0205,3042.823,-1.4443,3033.66,1,0,3047.13,1.80948E+11
42478,-10.8678,3033.66,-0.1377,3078.117,0,1,3058.46,2.08613E+11
42475,-0.7816,3078.117,0.5127,3082.362,0,1,3085.03,2.24141E+11
42474,14.4401,3082.362,1.4219,3066.638,1,0,3080.09,2.35056E+11
42473,31.5424,3066.638,-0.3399,3023.646,1,0,3041.36,3.31421E+11
42472,8.697,3023.646,1.6415,3033.957,0,1,3031.3,2.0708E+11
42471,9.4832,3033.957,-0.7799,2984.958,1,0,3006.91,2.52328E+11
42468,-2.526,2984.958,-1.3824,3008.42,0,1,2988.2,2.07337E+11
42467,-1.5714,3008.42,-0.081,3050.592,0,1,3058.34,2.43962E+11
42466,-4.2095,3050.592,1.4466,3053.065,0,1,3039.74,2.54915E+11
42465,0.2505,3053.065,0.1869,3009.53,1,0,3000.94,2.76655E+11
42461,-4.7276,3009.53,0.109,3003.915,1,0,2997.09,2.17521E+11
42460,21.475,3003.915,2.7677,3000.645,1,0,3009.37,2.5222E+11
42459,10.5777,3000.645,-1.2843,2919.832,1,0,2941.22,2.34411E+11
42458,-2.8217,2919.832,0.3533,3009.96,0,1,2956.71,2.01626E+11
42452,-1.3021,3009.96,-0.6439,2999.363,1,0,2991.17,2.56328E+11
42451,4.1503,2999.363,2.1539,3018.802,0,1,3001.63,3.11025E+11
42450,-1.6364,3018.802,1.7322,2955.15,1,0,2978.46,3.80823E+11
42447,9.998,2955.15,1.1985,2904.832,1,0,2915.52,3.28241E+11
42446,15.8768,2904.832,0.2116,2870.43,1,0,2875.41,2.13844E+11
42445,-2.7727,2870.43,0.1703,2864.368,1,0,2858.71,1.90194E+11
42444,-2.7788,2864.368,1.7504,2859.499,1,0,2853.98,1.7022E+11
42443,3.2258,2859.499,0.199,2810.307,1,0,2830.08,2.02793E+11
42440,9.0675,2810.307,-2.0202,2804.726,1,0,2781.6,1.2845E+11
42439,2.3764,2804.726,-1.3384,2862.556,0,1,2847.57,1.41812E+11
42438,0.2369,2862.556,0.1397,2901.387,0,1,2839.41,1.77073E+11
42437,-3.4488,2901.387,0.807,2897.34,1,0,2895.67,2.20514E+11
42436,7.5917,2897.34,0.5032,2874.147,1,0,2886.64,2.08559E+11
42433,17.3144,2874.147,0.3536,2859.758,1,0,2848.54,2.94982E+11
42432,-8.2983,2859.758,4.2629,2849.681,1,0,2847.33,2.79972E+11
42431,24.4053,2849.681,1.6812,2733.17,1,0,2733.77,2.59319E+11
42430,5.0273,2733.17,-2.8632,2687.979,1,0,2688.38,1.82186E+11
42429,17.0632,2687.979,0.9472,2767.21,0,1,2754.81,1.9464E+11
42426,13.1711,2767.21,-6.4069,2741.245,1,0,2760.06,1.90069E+11
42425,0.3047,2741.245,0.8805,2928.896,0,1,2922.24,2.71767E+11
42424,-2.7959,2928.896,-0.8146,2903.331,1,0,2889.88,2.27852E+11
42423,2.717,2903.331,2.348,2927.175,0,1,2925.71,2.11549E+11
42422,-1.1177,2927.175,-0.1003,2860.021,1,0,2888.6,2.38683E+11
42419,0.004,2860.021,-0.155,2862.893,0,1,2854.9,1.78425E+11
42418,2.4455,2862.893,1.0847,2867.338,0,1,2881.78,2.30775E+11
42417,-3.4368,2867.338,3.2909,2836.571,1,0,2829.76,2.25964E+11
42416,2.0211,2836.571,-0.6259,2746.196,1,0,2758.58,1.98969E+11
42415,-2.2079,2746.196,-0.6304,2763.492,0,1,2684.96,1.29321E+11
42405,-0.9779,2763.492,1.5251,2781.023,0,1,2783.08,1.45554E+11
42404,1.3771,2781.023,-0.3754,2739.247,1,0,2751.43,1.75347E+11
42403,-23.7781,2739.247,2.2581,2749.57,0,1,2719.57,1.46627E+11
42402,-1.2018,2749.57,-1.7806,2688.854,1,0,2687.98,1.58937E+11
42401,-3.5844,2688.854,3.0854,2737.6,0,1,2730.98,1.52831E+11
42398,14.5736,2737.6,-2.9207,2655.661,1,0,2652.85,1.80007E+11
42397,-4.9852,2655.661,-0.5174,2735.558,0,1,2711.16,1.67357E+11
42396,43.1987,2735.558,-6.4226,2749.785,0,1,2756.08,2.07427E+11
42395,-2.6188,2749.785,0.7527,2938.515,0,1,2907.72,2.12608E+11
42394,0.5265,2938.515,1.2526,2916.562,1,0,2934.08,1.64023E+11
42391,3.2116,2916.562,-3.2322,2880.482,1,0,2911.11,1.70062E+11
42390,-2.8932,2880.482,-1.0322,2976.694,0,1,2934.39,2.03635E+11
42389,-8.8077,2976.694,3.2226,3007.7393,0,1,2993.01,2.34563E+11
42388,2.9988,3007.7393,0.4435,2913.8367,1,0,2914.41,2.22675E+11
42387,0.8091,2913.8367,-3.5469,2900.9698,1,0,2847.54,1.7362E+11
42384,-3.4044,2900.9698,1.9681,3007.649,0,1,2988.05,2.06604E+11
42383,-2.9209,3007.649,-2.4237,2949.597,1,0,2874.05,2.18014E+11
42382,0.966,2949.597,0.2041,3022.861,0,1,3041.11,2.08376E+11
42381,-8.5657,3022.861,-5.326,3016.704,1,0,3026.16,2.24135E+11
42380,-5.6828,3016.704,1.9651,3186.412,0,1,3131.85,2.8638E+11
42377,1.5373,3186.412,-7.0449,3125.002,1,0,3194.63,3.24167E+11
42376,-0.0033,3125.002,2.2547,3361.84,0,1,3309.66,79981988654
42375,-6.5684,3361.84,-0.2593,3287.711,1,0,3291.2,2.85243E+11
42374,14.2938,3287.711,-6.8638,3296.258,0,1,3196.65,3.28417E+11
42373,0.31,3296.258,-0.943,3539.182,0,1,3536.59,2.40929E+11
42369,-4.9067,3539.182,0.2565,3572.876,0,1,3570.47,2.54031E+11
42368,2.8467,3572.876,0.8477,3563.736,1,0,3566.73,2.67788E+11
42367,4.9169,3563.736,-2.5947,3533.779,1,0,3528.4,2.50939E+11
42366,-2.7253,3533.779,-0.4293,3636.089,0,1,3635.77,3.69043E+11
42361,-3.7183,3636.089,0.2552,3651.767,0,1,3653.28,4.19903E+11
42360,-7.6189,3651.767,1.7745,3642.472,1,0,3645.99,3.60846E+11
42359,-4.5787,3642.472,-0.0289,3578.964,1,0,3568.58,3.98317E+11
42356,-3.0096,3578.964,1.8148,3579.999,0,1,3574.94,3.65386E+11
42355,8.8727,3579.999,0.1662,3516.1867,1,0,3533.63,3.8144E+11
42354,-6.7038,3516.1867,-0.293,3510.354,1,0,3522.09,2.65289E+11
42353,2.1049,3510.354,2.5065,3520.6682,0,1,3518.13,2.76275E+11
42352,-5.2791,3520.6682,-0.6052,3434.5813,1,0,3403.51,2.79214E+11
42349,-3.7662,3434.5813,-0.488,3455.4951,0,1,3441.6,2.45076E+11
42348,-4.8474,3455.4951,0.0683,3472.4394,0,1,3469.81,2.795E+11
42347,1.6426,3472.4394,-1.8903,3470.0698,1,0,3462.58,2.67855E+11
42346,-6.6967,3470.0698,0.3386,3536.9272,0,1,3518.65,2.97822E+11
42345,-1.7904,3536.9272,-1.669,3524.992,1,0,3529.81,2.80562E+11
42342,-6.4671,3524.992,1.3548,3584.8237,0,1,3558.15,3.19767E+11
42341,-10.9018,3584.8237,2.3319,3536.9051,1,0,3525.73,3.38859E+11
42340,-5.9244,3536.9051,0.3165,3456.3085,1,0,3450.28,3.69183E+11
42339,6.2839,3456.3085,0.2649,3445.4048,1,0,3442.44,3.30257E+11
42338,31.5765,3445.4048,-5.4806,3436.303,1,0,3433.86,3.87504E+11
42335,1.5917,3436.303,-0.3393,3635.5521,0,1,3616.54,4.64311E+11
42334,4.5078,3635.5521,0.8799,3647.93,0,1,3659.57,4.26247E+11
42333,-1.127,3647.93,0.1605,3616.1125,1,0,3614.07,3.80803E+11
42332,1.541,3616.1125,-0.5558,3610.3195,1,0,3602.89,3.27758E+11
42331,-2.4533,3610.3195,0.3715,3630.4995,0,1,3630.87,4.14148E+11
42328,-1.6353,3630.4995,1.3618,3617.062,1,0,3620.79,4.13911E+11
42327,-2.6558,3617.062,-1.0078,3568.4676,1,0,3573.78,3.28443E+11
42326,-2.1648,3568.4676,-0.0599,3604.7951,0,1,3605.06,3.92339E+11
42325,-4.3578,3604.7951,0.7294,3606.9574,0,1,3629.98,5.2152E+11
42324,-1.8013,3606.9574,-1.4331,3580.8388,1,0,3522.46,3.69422E+11
42321,-2.9679,3580.8388,-0.4752,3632.9016,0,1,3600.76,4.68669E+11
42320,-16.2195,3632.9016,0.2682,3650.2494,0,1,3656.82,4.82833E+11
42319,-27.9209,3650.2494,-0.1754,3640.4853,1,0,3635,4.67822E+11
42318,-27.1369,3640.4853,1.5835,3646.8811,0,1,3617.4,5.60055E+11
42317,-14.4373,3646.8811,1.908,3590.0324,1,0,3588.5,6.36184E+11
42314,-17.0212,3590.0324,1.8262,3522.8185,1,0,3514.44,5.43282E+11
42313,-39.4646,3522.8185,4.3098,3459.6396,1,0,3459.22,6.78675E+11
42312,-23.0618,3459.6396,-0.2523,3316.6954,1,0,3325.62,4.26104E+11
42311,-9.6482,3316.6954,-1.6992,3325.0846,0,1,3330.32,2.44361E+11
42310,-10.6042,3325.0846,-0.1404,3382.5612,0,1,3337.58,2.86019E+11
42307,-12.0101,3382.5612,0.3591,3387.3154,0,1,3380.28,3.07267E+11
42306,-15.7742,3387.3154,-1.722,3375.1961,1,0,3387.77,2.94508E+11
42305,-11.3421,3375.1961,0.1386,3434.336,0,1,3417.01,3.61656E+11
42304,-2.2697,3434.336,0.5025,3429.5809,1,0,3409.14,4.08887E+11
42303,-12.2336,3429.5809,1.2971,3412.4338,1,0,3448.65,4.53943E+11
42300,-10.4818,3412.4338,1.4474,3368.7388,1,0,3377.55,4.25263E+11
42299,-13.7637,3368.7388,-0.1372,3386.7003,1,0,3292.29,3.75452E+11
42296,-2.5971,3386.7003,1.5961,3391.3516,0,1,3401.63,4.53304E+11
42293,-7.0339,3391.3516,2.3183,3338.073,1,0,3358.3,4.59448E+11
42292,3.5141,3338.073,-0.9349,3262.4414,1,0,3255.03,3.62566E+11
42291,-9.118,3262.4414,0.1694,3293.2301,0,1,3280.02,3.30278E+11
42290,-4.1034,3293.2301,3.2832,3287.6624,1,0,3262.16,3.34806E+11
42289,-1.9865,3287.6624,1.266,3183.1516,1,0,3193.54,4.35541E+11
42286,17.0427,3183.1516,2.967,3143.3573,1,0,3146.64,2.56379E+11
42285,37.3463,3143.3573,0.482,3052.7814,1,0,3156.08,2.5883E+11
42277,3.2662,3052.7814,-2.0195,3038.1368,1,0,3052.84,1.56569E+11
42276,-15.3764,3038.1368,0.8601,3142.6869,0,1,3055.22,1.69687E+11
42271,-9.4042,3142.6869,-2.1889,3115.8881,1,0,3126.49,2.31369E+11
42270,-13.0712,3115.8881,0.9212,3185.6187,0,1,3137.72,2.5756E+11
42269,-1.3232,3185.6187,1.8923,3156.5399,1,0,3161.32,3.05071E+11
42268,5.4943,3156.5399,0.3842,3097.9172,1,0,3072.09,2.59797E+11
42265,23.8367,3097.9172,-2.1001,3086.0611,1,0,3100.28,2.18442E+11
42264,3.4549,3086.0611,4.8946,3152.2632,0,1,3131.98,3.37393E+11
42263,17.2541,3152.2632,-3.5195,3005.1722,1,0,2998.04,2.81992E+11
42262,10.3902,3005.1722,-2.6697,3114.798,0,1,3043.81,2.43905E+11
42261,-7.204,3114.798,0.0732,3200.2337,0,1,3221.17,3.73577E+11
42258,-0.6945,3200.2337,-1.3936,3197.8932,1,0,3189.48,2.52769E+11
42257,29.083,3197.8932,2.2911,3243.0889,0,1,3190.55,2.99581E+11
42256,-29.8587,3243.0889,2.9227,3170.4522,1,0,3182.55,4.12991E+11
42255,43.7886,3170.4522,-2.5235,3080.4201,1,0,3054.44,2.6391E+11
42254,-1.7682,3080.4201,-0.2039,3160.167,0,1,3149.38,3.0269E+11
42249,-30.4361,3160.167,-1.2278,3166.6239,0,1,3027.68,4.23262E+11
42248,-12.891,3166.6239,-0.8156,3205.9855,0,1,3157.83,4.20412E+11
42247,-6.4947,3205.9855,4.8242,3232.3495,0,1,3203.56,4.31069E+11
42244,-25.492,3232.3495,5.3395,3083.5912,1,0,3125.26,4.74631E+11
42243,47.1277,3083.5912,-1.2708,2927.288,1,0,2978.03,4.04289E+11
42242,73.9709,2927.288,-7.6307,2964.9674,0,1,2980.79,4.61789E+11
42241,79.8144,2964.9674,-8.4909,3209.905,0,1,3004.13,3.58736E+11
42240,81.4882,3209.905,-4.2722,3507.744,0,1,3373.48,3.58819E+11
42237,-9.2285,3507.744,-3.4216,3664.2907,0,1,3609.96,4.50616E+11
42236,-8.3861,3664.2907,1.2258,3794.1094,0,1,3754.57,5.01195E+11
42235,0.1653,3794.1094,-6.1473,3748.1639,1,0,3646.8,5.99513E+11
42234,-4.8258,3748.1639,0.7145,3993.6677,0,1,3999.13,7.22467E+11
42233,-5.8436,3993.6677,0.2726,3965.3349,1,0,3947.84,6.26328E+11
42230,-0.2222,3965.3349,1.7558,3954.5561,1,0,3976.41,6.47466E+11
42229,1.6698,3954.5561,-1.0588,3886.3198,1,0,3869.91,5.78686E+11
42228,-2.0065,3886.3198,-0.0129,3927.9083,0,1,3881.23,5.9705E+11
42227,6.5727,3927.9083,4.9199,3928.4154,0,1,3928.81,7.1229E+11
42226,1.7668,3928.4154,2.2577,3744.2045,1,0,3786.03,6.52622E+11
42223,7.7587,3744.2045,-0.8941,3661.5392,1,0,3692.61,4.45485E+11
42222,2.0893,3661.5392,-1.6497,3694.5733,0,1,3625.5,3.57515E+11
42221,0.0591,3694.5733,3.6887,3756.5449,0,1,3745.65,4.8385E+11
42220,-3.6768,3756.5449,-1.1142,3622.9051,1,0,3621.86,4.64036E+11
42219,-21.9915,3622.9051,-1.1344,3663.7256,0,1,3614.99,4.45992E+11
42216,4.2727,3663.7256,-2.2011,3705.7656,0,1,3655.67,4.60472E+11
42215,-2.0587,3705.7656,3.4443,3789.168,0,1,3773.79,6.15978E+11
42214,-6.4486,3789.168,-1.6791,3663.0024,1,0,3689.83,5.57492E+11
42213,24.5827,3663.0024,-8.4834,3725.5582,0,1,3573.14,6.85058E+11
42212,-1.5371,3725.5582,-1.2856,4070.908,0,1,3985.57,7.21298E+11
42209,-0.6615,4070.908,2.4311,4123.9234,0,1,4124.76,8.43022E+11
42208,3.336,4123.9234,0.2083,4026.045,1,0,4022.27,7.43532E+11
42207,-6.2339,4026.045,0.6404,4017.6748,1,0,3996.43,6.78832E+11
42206,-6.7102,4017.6748,0.8783,3992.1096,1,0,3939.9,6.46417E+11
42205,-3.7824,3992.1096,3.5095,3957.3516,1,0,3948.42,6.88256E+11
42202,1.9485,3957.3516,0.4591,3823.1755,1,0,3831.42,5.93067E+11
42201,-5.299,3823.1755,-3.0267,3805.7033,1,0,3758.51,5.69859E+11
42200,-3.3362,3805.7033,-1.1561,3924.4871,0,1,3874.97,7.00537E+11
42199,-15.722,3924.4871,2.3875,3970.3878,0,1,3958.37,8.30075E+11
42198,-23.0186,3970.3878,4.5419,3877.8034,1,0,3918.99,7.82431E+11
42195,-28.5082,3877.8034,5.7635,3709.3304,1,0,3707.46,6.80434E+11
42194,-37.5711,3709.3304,-5.9009,3507.1923,1,0,3432.45,6.73311E+11
42193,-66.2613,3507.1923,-1.2921,3727.1248,0,1,3467.4,7.00248E+11
42192,-103.5783,3727.1248,2.4139,3775.9122,0,1,3654.78,7.76073E+11
42191,-135.2322,3775.9122,-5.7722,3686.9153,1,0,3975.21,9.4342E+11
42188,69.7986,3686.9153,-3.4766,3912.7668,0,1,3793.71,6.48054E+11
42187,27.08,3912.7668,-3.3353,4053.0304,0,1,4058.62,7.36007E+11
42184,-15.134,4053.0304,-7.3967,4192.8734,0,1,4289.77,9.04271E+11
42181,31.2024,4192.8734,-3.462,4527.7789,0,1,4399.93,7.87836E+11
42180,-36.3212,4527.7789,2.4835,4690.1497,0,1,4711.76,8.6538E+11
42179,-31.6557,4690.1497,2.1912,4576.4922,1,0,4604.58,8.15063E+11
42178,68.3636,4576.4922,-6.4152,4478.3643,1,0,4471.61,6.93617E+11
42174,77.3166,4478.3643,-3.6744,4785.356,0,1,4689.93,6.85458E+11
42173,5.4443,4785.356,1.6464,4967.8983,0,1,4942.52,7.85845E+11
42172,-10.6985,4967.8983,-3.4675,4887.432,1,0,4890.55,8.30267E+11
42171,-0.447,4887.432,-2.0006,5062.9929,0,1,5004.41,8.95421E+11
42170,-12.539,5062.9929,0.8739,5166.35,0,1,5174.42,1.06499E+12
42167,13.0872,5166.35,0.3047,5121.5925,1,0,5143.34,1.06016E+12
42166,-10.4555,5121.5925,-0.1466,5106.0359,1,0,5101.44,9.74671E+11
42165,14.0119,5106.0359,-0.3575,5113.534,0,1,5049.2,1.00543E+12
42164,-15.288,5113.534,2.1657,5131.881,0,1,5145.98,1.15079E+12
42163,-12.9,5131.881,1.5361,5023.096,1,0,5045.69,1.30992E+12
42160,-13.8974,5023.096,0.7561,4947.102,1,0,5016.09,1.2323E+12
42159,-10.9371,4947.102,-0.0112,4909.978,1,0,4912.95,1.05227E+12
42158,0.3155,4909.978,1.6938,4910.527,0,1,4924.38,1.01018E+12
42157,2.2936,4910.527,4.7052,4828.738,1,0,4844.7,9.98746E+11
42156,17.1735,4828.738,-0.1844,4611.744,1,0,4633.1,9.34456E+11
42153,21.1066,4611.744,-6.5048,4620.266,0,1,4603.47,9.55366E+11
42152,-31.7488,4620.266,0.6275,4941.714,0,1,4943.74,1.24791E+12
42151,1.8295,4941.714,2.0171,4910.897,1,0,4932.85,1.11626E+12
42150,34.1038,4910.897,1.8697,4529.422,1,0,4854.85,1.1385E+12
42145,18.2344,4529.422,0.6505,4446.288,1,0,4456.44,7.29081E+11
42144,27.7194,4446.288,3.1297,4417.552,1,0,4434.98,8.06081E+11
42143,20.0327,4417.552,-0.5849,4283.491,1,0,4285.78,6.93813E+11
42142,11.0203,4283.491,-1.5901,4308.691,0,1,4277.9,5.94559E+11
42139,5.0123,4308.691,0.0583,4378.311,0,1,4366.82,6.65966E+11
42138,-1.8602,4378.311,-0.5785,4375.76,1,0,4372.82,6.69882E+11
42137,-4.0242,4375.76,1.5607,4401.219,0,1,4402.38,7.80755E+11
42136,-4.0679,4401.219,3.0354,4333.584,1,0,4342.37,7.93464E+11
42135,-0.763,4333.584,2.2787,4205.917,1,0,4231.27,7.15247E+11
42132,7.6532,4205.917,-2.7677,4112.214,1,0,4152.98,5.59649E+11
42131,25.6317,4112.214,-1.6154,4229.266,0,1,4197.9,5.40206E+11
42130,4.1623,4229.266,-4.0567,4298.706,0,1,4311.64,7.16536E+11
42129,7.7733,4298.706,0.8738,4480.464,0,1,4479.85,8.05566E+11
42128,0.4386,4480.464,-0.7811,4441.655,1,0,4441.34,7.17541E+11
42124,-4.4358,4441.655,0.009,4476.62,0,1,4483.01,7.74349E+11
42123,2.7586,4476.62,-1.1305,4476.215,1,0,4446.12,7.52402E+11
42122,-2.6124,4476.215,3.0432,4527.396,0,1,4527.64,1.06114E+12
42121,10.6486,4527.396,-0.4717,4393.686,1,0,4441.93,9.75242E+11
42118,0.2955,4393.686,0.3641,4414.508,0,1,4355.95,9.16873E+11
42117,-7.3913,4414.508,2.4425,4398.494,1,0,4414.49,9.63025E+11
42116,7.0113,4398.494,1.8151,4293.623,1,0,4304.6,9.76877E+11
42115,13.8645,4293.623,-1.6378,4217.077,1,0,4212.19,8.62448E+11
42114,-11.4778,4217.077,2.2045,4287.296,0,1,4301.35,1.1476E+12
42111,15.9654,4287.296,2.7095,4194.823,1,0,4254.72,9.15633E+11
42110,15.7445,4194.823,-1.2429,4084.163,1,0,4055.92,7.12082E+11
42109,10.2933,4084.163,0.336,4135.565,0,1,4135.65,7.73126E+11
42108,4.2818,4135.565,2.1665,4121.715,1,0,4125.78,8.14645E+11
42107,9.3125,4121.715,1.94,4034.31,1,0,4072.72,7.81667E+11
42104,-8.8493,4034.31,-0.9331,3957.534,1,0,3947.49,6.68504E+11
42103,-50.819,3957.534,0.844,3994.811,0,1,4006.13,8.16711E+11
42102,-40.2101,3994.811,1.6648,3810.294,1,0,3976.53,8.39159E+11
42095,-0.1437,3810.294,-1.0212,3747.899,1,0,3748.34,5.92418E+11
42094,-13.9089,3747.899,2.5865,3786.568,0,1,3822.99,7.21295E+11
42093,-12.5018,3786.568,0.2445,3691.096,1,0,3710.61,6.92125E+11
42090,1.0671,3691.096,0.5837,3682.095,1,0,3686.13,5.09298E+11
42089,-10.1401,3682.095,-0.8312,3660.727,1,0,3641.94,6.19516E+11
42088,-0.3109,3660.727,0.0998,3691.41,0,1,3680.95,6.45499E+11
42087,-16.462,3691.41,1.9465,3687.728,1,0,3692.57,7.54885E+11
42086,18.6604,3687.728,0.9783,3617.318,1,0,3640.1,6.61575E+11
42083,11.4111,3617.318,0.1389,3582.271,1,0,3587.08,6.51772E+11
42082,0.616,3582.271,2.1255,3577.301,1,0,3576.02,6.1225E+11
42081,15.9056,3577.301,1.5523,3502.847,1,0,3510.5,6.17367E+11
42080,21.1135,3502.847,2.2649,3449.305,1,0,3469.6,6.01501E+11
42079,13.7416,3449.305,0.7043,3372.911,1,0,3391.16,4.79355E+11
42076,15.84,3372.911,1.7753,3349.323,1,0,3359.49,3.74041E+11
42075,15.8187,3349.323,0.147,3290.9,1,0,3314.81,4.07192E+11
42074,8.7582,3290.9,-0.4948,3286.068,1,0,3289.59,3.27573E+11
42073,0.5295,3286.068,1.8888,3302.408,0,1,3289.09,3.29956E+11
42072,5.8871,3302.408,-0.2244,3241.187,1,0,3224.31,3.59928E+11
42069,3.897,3241.187,-0.947,3248.476,0,1,3248.04,3.28344E+11
42068,6.419,3248.476,0.5051,3279.533,0,1,3264.09,3.7358E+11
42067,3.0537,3279.533,-2.195,3263.052,1,0,3264.18,3.4679E+11
42066,0.9386,3263.052,0.7849,3336.285,0,1,3317.7,4.41593E+11
42065,7.4556,3336.285,0.3621,3310.303,1,0,3332.72,4.1026E+11
42062,6.7247,3310.303,2.153,3298.359,1,0,3296.83,3.3502E+11
42061,-4.5268,3298.359,-0.5563,3228.843,1,0,3222.15,3.34347E+11
42060,10.1148,3228.843,0.7616,3246.906,0,1,3256.48,2.65143E+11
42052,2.2129,3246.906,0.5786,3222.363,1,0,3230.88,2.6334E+11
42051,1.2378,3222.363,0.9583,3203.827,1,0,3206.14,2.65951E+11
42048,19.144,3203.827,0.4976,3173.416,1,0,3186.81,2.93018E+11
42047,11.5982,3173.416,0.5128,3157.704,1,0,3157.96,2.29692E+11
42046,13.8157,3157.704,1.5014,3141.593,1,0,3145.77,2.10863E+11
42045,16.2905,3141.593,0.6248,3095.124,1,0,3090.49,2.25085E+11
42044,11.1839,3095.124,-1.9328,3075.907,1,0,3063.51,2.4072E+11
42041,1.6066,3075.907,-1.1844,3136.531,0,1,3120.09,2.66503E+11
42040,28.3328,3136.531,-0.9604,3174.126,0,1,3251.21,3.48267E+11
42039,10.961,3174.126,2.4488,3204.907,0,1,3212.82,2.90155E+11
42038,27,3204.907,-2.5562,3128.3,1,0,3156.09,2.83356E+11
42037,1.7846,3128.3,-1.5922,3210.363,0,1,3148.14,2.6685E+11
42034,0.2959,3210.363,-1.3139,3262.305,0,1,3273.75,2.84266E+11
42033,9.7546,3262.305,-1.4084,3305.738,0,1,3259,2.96424E+11
42032,11.4192,3305.738,-0.8933,3352.96,0,1,3325.72,3.41564E+11
42031,9.0335,3352.96,0.9374,3383.182,0,1,3389.85,4.18299E+11
42030,3.9634,3383.182,0.2518,3351.764,1,0,3347.26,3.58427E+11
42027,2.6152,3351.764,0.5937,3343.344,1,0,3357.1,4.2098E+11
42026,1.5143,3343.344,4.7449,3323.611,1,0,3327.32,4.07874E+11
42025,19.2566,3323.611,1.8195,3173.052,1,0,3189.09,4.73759E+11
42024,21.4523,3173.052,-7.7046,3116.351,1,0,3114.56,4.16295E+11
42023,-3.4306,3116.351,1.2001,3376.495,0,1,3189.73,4.09886E+11
42020,1.2676,3376.495,3.5383,3336.455,1,0,3343.6,3.92254E+11
42019,7.0523,3336.455,-0.3976,3222.437,1,0,3224.07,3.30611E+11
42018,5.9384,3222.437,0.1853,3235.301,0,1,3242.34,2.67205E+11
42017,-2.5069,3235.301,-1.7074,3229.316,1,0,3223.54,2.73589E+11
42016,-12.7347,3229.316,-0.2442,3285.412,0,1,3258.21,3.66273E+11
42013,14.5318,3285.412,-2.3859,3293.456,0,1,3276.97,4.58648E+11
42012,0.5783,3293.456,0.6716,3373.954,0,1,3371.96,3.9923E+11
42011,3.4208,3373.954,0.0277,3351.446,1,0,3326.65,4.36417E+11
42010,-0.2315,3351.446,3.5813,3350.519,1,0,3330.8,5.32398E+11
42009,20.0227,3350.519,2.1752,3234.677,1,0,3258.63,5.4976E+11
42004,-0.2084,3234.677,-0.0695,3165.815,1,0,3172.6,4.3232E+11
42003,-6.9615,3165.815,0.3298,3168.016,0,1,3160.8,4.37263E+11
42002,6.6912,3168.016,-3.0323,3032.612,1,0,3212.56,5.55904E+11
41996,5.8668,3032.612,0.6064,3127.445,0,1,3085.08,4.19468E+11
41995,13.2383,3127.445,1.6705,3108.596,1,0,3129.27,6.24481E+11
41992,8.6222,3108.596,-0.1143,3057.521,1,0,3053.08,5.1558E+11
41991,18.2988,3057.521,1.3074,3061.02,0,1,3062.8,4.66525E+11
41990,4.8908,3061.02,2.3057,3021.518,1,0,3031.95,5.80339E+11
41989,12.2584,3021.518,0.519,2953.421,1,0,2953.81,4.92716E+11
41988,9.3615,2953.421,0.4248,2938.173,1,0,2921.45,4.11487E+11
41985,16.9245,2938.173,-0.4851,2925.743,1,0,2929.36,4.2041E+11
41984,9.1477,2925.743,2.9317,2940.006,0,1,2912.35,4.79801E+11
41983,18.3643,2940.006,-5.4296,2856.269,1,0,2855.94,5.3499E+11
41982,10.2419,2856.269,2.8121,3020.258,0,1,2992.49,7.93361E+11
41981,14.1599,3020.258,1.3172,2937.647,1,0,2907.82,5.93478E+11
41978,24.4957,2937.647,4.3148,2899.456,1,0,2926.57,6.39191E+11
41977,33.5898,2899.456,0.5782,2779.525,1,0,2783.47,5.09219E+11
41976,36.849,2779.525,3.1114,2763.545,1,0,2768.68,5.29777E+11
41975,31.1533,2763.545,-0.0999,2680.155,1,0,2667.82,3.97239E+11
41974,13.1782,2680.155,1.9901,2682.835,0,1,2691.73,4.0112E+11
41971,22.4622,2682.835,1.0037,2630.486,1,0,2629.63,4.01951E+11
41970,28.6866,2630.486,1.4312,2604.345,1,0,2615.37,3.38961E+11
41969,31.9261,2604.345,1.3707,2567.597,1,0,2572.65,3.16521E+11
41968,27.5003,2567.597,1.8533,2532.879,1,0,2532,2.82169E+11
41967,58.5647,2532.879,1.3916,2486.791,1,0,2505.53,3.30291E+11
41964,21.9953,2486.791,0.0683,2452.66,1,0,2452.64,1.9781E+11
41963,21.4194,2452.66,-0.219,2450.986,1,0,2443.28,1.508E+11
41962,24.9677,2450.986,-0.7131,2456.366,0,1,2452.15,1.67069E+11
